DP2112,
Langara01,
medicmini,
DRHOY,
soulselller,
HermoineGrangersHair,
disturbed_ghost,LAK
cabarne4,
HotBrownLatinHotCock,
trey12aldridge,
jesuscrypto,
mizino,
XanJamZ,
smirking777,
makinLegs,
levian_durai,
Maarkov,
chipthecrip,
matthematic,
Vonilla,
nwolf061,
orangepeel,LBK of 16 years,LBK
HasturCrowley,
Steelfang,
lambchopper71,
cptnelmo,
Gabbylil,
mepsipax,L-BTK
jamesb_36,
AliThePepRally,
Missingsc0re,
Jand2562,
Abdial,RAE
audiR8_,
BodyHauler,
GelatinousStand,
WalkLightStepStrong,
AndBeTheLight,
swisswuff,
RIPharamb123,
pandatreelottie,
WTXRed,BKA
Shylamb,
lg68,
Skullsmashgame,
OnePunchMangloves,
yepthatsprettyneat,
bigbigtea,
lagunagirl,
Beanface,
youresofilthy,
CharmCity523,
coopertucker,
ninothede,
rookiegaffer,
cuntsaurus,
SEXPILUS,
ShaDoWWorldshadoW,
WheresMyRubberGlove,RAE
PocaSonja,
ScottEInEngineering,
hail_clayton,
UniformFox_trotOscar,
carolawesome,
magdikarp,No pinky
Andomingman,
runnerd23,
la_petite_mort63,
jonofan,LBK,LBK, PDX
bml59,
j450n_l,
still_kickin,
AluminumForum,
fezziq,
santapoet,
Scrabbydoo98,LBK
cubbymccubster,
Shyguy102,
Reave1905,
wicksout,
RemindMeBot,
mikob,
Sturmov1k,
industrialdesign2018,
cbenish2018,
beanoleum,
notpoopman,
1RMDave,
ChineseF00d,
RangoTheMerc,
SomeBen,
twistedtechie,
53FFRON,
Eksingadalen,
kileymaxine,
Gopnikolai,
Scylax92,
srirachalover1,
bigfin19,
2LurkOrNot2Lurk,
DalekBoy2004,
NochoiceLefty,
Monstiemama,
EatPrayNub,
OknKardashian,
welder02,
IrateThug,
nomorecreddit,
Wicket_42,
Neutral_Loss,
semantics88,
R3TR0R3W1ND,
questioncom,LBK
xanaxhelps,
clockworkjustin,
VeganDogMom,
PegLegDreg118,
aitaix,R-BKA
LordLeftFoot,
OneleggedPeter,
junglecritter,
Wildaz81,
Sasquatch_Sim,
B0tRank,
BooCMB,
CommonMisspellingBot,
IDiedTomorrow,RBK 10 years
johnmarge,Pro, quadruple, congen,OTD, multi/quadruple, congen
deliciousONE,
Floridacracker720,
garnetstate,
gmanage12,
Fuckmerit,
sielingfan,LAK
2017learning,
robleo,
zeekleavesascar,
trenchcoatangel7,
YokeDaddySupreme,
tonyguti,Certified Prosthetist
Lilloller,
aaronstark11,
TotesMessenger,
left-shoulder-closed,
Rosheenf,
a-graceful-tater-tot,
husbandthrowaway777,
J0hnny9Fingers,
GimmeDjibouti,
PrinceOfDorkness,
kidwifi,
missing-parts,
boo29may,
halfstep,
smithywill,
girlygil,
celticzebra,
onehanded1der,
fsalyak,
pioneer9k,Double Below the Knee
FU_Iceman,
discgolfdoug,
plant_bandit,
Subtlelikeatrex,
catrich,
nerd4code,
PeptoAbysmal1996,
UnusuallyMeek,
Jimiheadphones,
mingmob,
BKA_Diver,
Anaxian1,
SoraKai22,
Actionable_Mango,
nkabove,
theblack-german,
NontraditionalGrub,
GhostDoj,
blackrabbits,
jdbrew,
rijoys,
TheGhostHand,
chocolate_n_cheese,
HyperSpoon,
SamGlenn,
Bot_Metric,
sah138,
DasSassyPantzen,
Luftwaffles84,
UnwiserTravis,
mikeweasy,
fotomachen48,
account128927192818,
TheArcturus,
naughtilidae,
lynndex,
massive4ttck,
ProstheticMedic,
Resucitado,
I_MADE_THIS_THING,
sobieski84,
polycentricprofile,
sabooyoushag,
Nomiss,RAK
strzeka,
StudentDoingResearch,
FunyunCreme,
Bowtiesarecoo1,
jcdigg,
Armortech,
nyoom420,
endolphining,
AdaptiveAmputees,
meandmycrohnies,
facelesscog,DBK
dks38,
killbillten1,
The--Nameless--One,
pedestrian1191,
zek0ne,
jmsscottie1,
MYST3Rl0N,
p0tato3s,RBK
expertsnowboarder,
AmpuGandT,
ASattley,
Redbull89123,Certified Prosthetist
shqueeebee,
schev28,
xenxeny,
AgentL3r,
FitterFlop,
Mithra9009,
JCMCX,
[deleted],
P71josh,
duttonjohn,
HarbourSealism,
Stumpy-in-CT, RBKA
elon_musker_du,
Geniusgirl13,
Not_So_Tiny_Tim,
one_leg_wonder,
Lord_Retro,
viva-la-rebel,
ggrandeurr,
vinnywheels,RAK
Pop_otter,
lunarstar17,
One_Angry_Dwarf,
abhishforreddit,
Celtic_Writer,
CatzAndStatz,
PrimitiveGuitar,
sneakpeekbot,
cleung3,
fnhspiderman,RAE
OvertFemaleUsername,
i_am_hyzerberg,
mango_chutney_,
the_silk_toad,
D3signMonkey,
harly2,
CALIFBEACHCHILD,
IncrediblyShinyShart,
punkynyan,
SolidStateDepot,
everythings_alright,
ZO5050,
TheGoodTwin94,
LikesTrees,
woodinleg,
robin97531,
DrRecovery,
Terriameycjg,
the-complicated-wrek,
dragonvpm,
mrsfishpants3,
diagonallines,
The_Dragon_Penguin,
facebookgivesmeangst,
luisg_cls,
timlovesraffi,
Peppers_People,
TruckerJames,
RoundLakeBoy,
true_faux,LBK
H0use0fpwncakes,
Informationismydrug,
LivewithoutLimbs,
MonoMonk,
whattobecalled,
tiredandpregnant,
Atiouss,
Rick_Mexler,
LiteralGrill,
preynolds_,
Cocainus,
Water-Bowl,
tlnvnmvm3,
oneLegBjj,
chartreuse_elephant,
TechGuru13,LBK soon to be BBK,DBK
fireball80,
CarInATownWithNoOil,
btk77,
donutcop44584,
bionitch,
CrashedonMars,
letsgomarauders,
CubanBird,
Forlurn,
colbyu,
Karminarina,
dougeeeeeeeeefresh,
Chuck_Norris_Jokebot,
imguralbumbot,
i_yell_at_tree,
ben300185,
silverbreez,
esmajor1972,
elunico35,
OneLegWanderer,
sighbourbon,
stellarreject,
Marshmelanie,
4Leviticus,
TheJimlim,
snarksnevada,
SafinChow,
wont_eat_kale,
poweradeopposum,
throwawaybobby117,
ant_helper,
ulifphar,
yhatzee89,
Bman1973,
Narada-,
Momotaro954,LAK
Detroit-_-hotwife,
VeronykaLang,
ZynoT,
chao50,
slabbins,
dapper_platypus1,
branchn,
PsychoSemantics,
slmendez,
EddZachary,
hixsonte80,
reddit_aclmin,
klein432,
Archsinner,
tre122345,
invertedtwave,
reedscal,
CavemanFromSpace,
tarikbiyiklioglu,
Bamb00zld,
hellisempty,
lightnin38,
GrannyWeatherwaxx,
fudman3,
bigrude405,
picattapinata,
bigblue36,
Chanceifer0666,
B1naryG0d,
Fujind,
OneLeggedChase,
OnlyOneGuardian,
aims-x,
Ally1701,
Thepandarammer,
StellaUmbrella,
Samwilki2208,
botosotf,
SolopsistNation,
mescalinejesus,
Calad1,
Manksy,
burnbrown,
fingwalkingparadox,
Joey_the_Duck,
jay2tall,RBKA
DGiovanni,
captainapex90,
potchie626,
lior2222,
lazyarm,
Chicken_Giblets,
theveneguy,
Ishuzu,
jgreenlees,
fostot,
713_potentialRD2BE,
shortrounders,
pbugandjenelley,
Lawlrusthewalrus,
FinnishShackle,
Alprovan,
SecretWorldAlexLacks,
branchan,
mrprophecy,
SearchingAngel237,
real_tea,
rooftop152,
siredwardh,
killbillsnj,
Mudnuts77,
KarlKadaver,
citygirlstl,
1legguy,
Wings_love,
2020shatgiskessell,
AnimalFactsBot,
fas_nefas,
limbsmith,
LokiBorn,
sheepdo6,
BaronW,
HisaoHimself,
Baranoi,
JDPowerlifting12,
FootLoose_Mark,
daaron512,
ClickableLinkBot,
ampusapien,
kuvrut,
Gnashtaru,
Skeevy1983,
Peeeaaachy,
PM_ME_FOOOOOOD,
MisterFistee,
frenchhorngod,
Antioch_Orontes,
drunknreddit,
he_could_get_it,
overheadathletics,
BravelyRunsAway,
TheGhizzi,LAK
Erebea01,
mycoborg,
emilieisqueen,
Chollar1,
Brittande_95,
Snargle1,
blowagimp,
Some_one498,
phonebatterylevelbot,
Heygirlhey1637,
Lilac_Kitten,
CorporalCleg4,
umlikeseriously,
l_cb,
footxless,
cricketltds,
candobyte,
-clementines,
evokedhavok,BAK
kimbar2110,
gherkyn,
EyeBleachBot,
Dp48bka,
JaggedJosh,Fingers
mdl003,
UnshippedMage5,
PC_3,
ob3135,
laloq13,
1point5volts,
enthion,
aurrasaurus,
Farretbob,
Exodus13,
will_never_comment,
HiNeighbor517,RBK
auto-xkcd37,
rinahayashida,
CindyBF,
maramDPT,
dorbeesfan1,
Cherry_Darling,
CounterfeitDryer,
juhneeeeeelle,
SeniorCareCentral,
Gohiking21,
turtletuna,
fearandloath8,
REEEpwhatyousew,
funinsun10,
derawin07,RBK
AngelfFuck,
circuserin,
jtgreen76,
IHv2RtrnSumVdeotapes,
this_charming_bells,
ProstheticsBro,
UNCTarheels90,
LiveNdUncut,
Pinkmongoose,
FlakF,
JamesFiendish,Game Developer
PickledAsRick,
bassmatty,
_CptRose,
eatpraylimp,
PippiPiePie,
skullcrater,
Breezyon23,
uethello,
1legazzkkr,
Nell_Trent,
7palms,
Aemerson75,
Samuraiworld,
zaunkonigs,
elly4880,
OneLeggedDanger,LKD
kellbell1981,
Attaboy3,
horrorpunk138,
tahitiisnotineurope,
19Goat56,
phrazel,
ProsCali,
Engineo1,
LittleMissStumpshine,DAK
Kasa-obake,
garlicbot,
pythonETH,
Ramer487,
bluerose1197,
NeinJuanJuan,
Fat_46,
crisisACTOR4HOAX,
joey1leg,AK amputee,bilateral AK amputee
kemide13,
Thera_V,
thecaptron,
NitchJager,
emquizitive,
Sapanther,
Khoms12,
ineedmorecookies,
Amusick,
11101000,
TheFightingMasons,
75022rick,
Oceloctopus,
BrianofJudea,
Iiracis,
eaterofbirds,
mohawked_gamer,
stanky_le9,
lazysupper,
whatuknowboutit,
TrueNorthKoala,
Extraneous_Bagel,
Iwantedthatname,
MasonicCurling,
anneshirley86,
brentg88,
Lexer34,
goomy,
Up-Down-Go,
HallewoodCustoms,
jphoust1,
cit046286,LAK Hemi-P
javier5109,
diggadiggadigga,
rainfal,
jammas1997,
bkweaver414,
collective_invective,
Bullettooth023,
ItsDeadEnd,
Randallwho1234,
Mairy_Hinge,
laurlaur121,
Randi1207,
ralphster808,
eplfan2011,
BionicLegDad,
papayadeviah,
FlyingHigherThanYouu,
mistergospodin,
rynb1n,
llamoz,
Specken_zee_Doitch,
RammsteinDEBG,
DaPino,
radredpo,
amanhaznonaym,
tazad,
yahooligan1111,
WikiTextBot,
G3r0x,
SoulStitcher88,
caseycaustic,
InfiniteReach,
Cath11211,
AllonsyAlonso16,
cooldoof,
Innoucuouscharles,
Squishy_the_Stump,
AsaMartin,
April343,
HellCat70,
fig31,
UnicornIvy1988,
ArgyleFunk,
WhisperfyASMR,
sew_butthurt,
BlueThistleandclover,
tommyjohnpauljones,
iraqvet,
tuler,
Antarktical,
Valkyrie_Starcrusher,
faction0,
OneFootManyLegs,
ephemorall,
Waldernis,
smoresgalore15,
LockwoodE3,
Stalesmusic,
gabrielcardier,
TheCloneOfBrian,
GinaSBender,
Gilgamek,
meee39,
victorianrevolution,
amcwd,
zen_enchiladas,
MMouse1953,
DeathBeN0Tproud1,
bluspacecow,
SmallSubBot,
Cedartree55,
metric_units,
iBoy_3,
scobeth,
Hoferoon,
RightArmLeft,Triple
FuddieDuddie,
Cancerbro,
juniper_moonpie,
svinja,
ThomasVo_,
xhalcyondays,
thetinker86,
slomo_12321,
robertbooger,
gholler71,
ehrgeiz91,
sashue,
Redphoenix98,
WaldosHERE,
JakeNightly,
McPickle,
RosieOneLeg,
D54a,
tronquixote,
tbird93,
nroofer,
goodfelas,
Uncle_Stumpy,
PM_ME_LENIN_PICS,
Carnivorousbeaver,
thx1138-,
Ironman--,
Not_Just_You,
stand_straight,
haygrlhay,
stylesdad,
mahoneytb,
mightythylacine,
MrOneLegPew,
stumpgod,RBK
perilous_cheryl,
Mightyoak92,
motomushu,
Champlvl,
Bonamputee,
ElronWasRight,
meurerg,
Housebitchhere,
TheDestroyerofPizza,
James_C_Rack,
hek12,
doggobotlovesyou,
ConvertsToMetric,
Tate566,
cyborg_guy,
raragoddess95,
gmctruk27,
RightLimbsLeft,
2nndSonn,
RickMthrFckinSteves,
OvertBlue,
mballman,
KatNyx79,
haidokun,
alotabot,
ClearfieldMedicalGrp,
friendlysniper9,
_youtubot_,
video_descriptionbot,
mia246,
Pastasaurus_,
Avid_Avid,
BZempo,
slhouston,
tbitchbitch,
hammer-head,
i_am_daniel_wilson,
shines_____,
sexy1legger,
Chuck_Olsen,
UK_researcher,
rzldtxpef703,
uber_cripple,RBK
thebrianmo,
nedstarknaked,
metalman909,
Fembot2017,
Howmanyfishies,
eskimoballer,
Autumnland,
JayRen,
TranscendentalEmpire,
iShoot556,
catchdog,
gildardo_guzman,
FlickXIII,
genecraig8,
BaldCanary,Daughter / Caretaker of Bilateral BKA
skimuffin,
DrakonFyre,Right Leg, Above Knee Since Birth
DaProphet12,
computergettingold,
britt5689,
olivermasiosare,
amp-lifecom,
1leggedcrow,
1leggedsara,
tappleg8,
qpham21,
RoboYung,
medicaustik,
RandallWho,
kavefisher,
StumpsAreSexy,DAK, RSD
Cameronmass,
DracoSatheron,
aigmeyer,
SouthpawStubbs,
Icuw1pc,
serenamsolomon,
Pyrateskum,
jimbophoto,
studentmal27,
SquishyKitty1971,
Prosthetic_Design,
shiyoushi,
CommanderCrutches,
Grind2ock,
Theybrokemywatch,
burnsorboourns,
jumpydiaz,
RubusPhoenicolasius,
Bcrown,
Hermit_,
OneEyedMcGee,
Valsh64,
summerofsin,
calypso_cane,
Cjjeme3747,
stumpy62,
AwkwardPig,
big_cedar,
HelmetHairs,
finschick,
In-Cog-Neat-0,
PegMeg,
Roop36,
cariboudan,
Subliminal317,
jodycwilliams,Left BKA
Zykium,RBK
smarterthenyou2,
forrestdeity,
MotoMola,
crashdemon,
igottaquestionhelpme,RBK
croquetica,
NaughtyDog70,
mogtek,
seth1374,
reagsx,
MaxPms,
Nurbs,
MarkMerrill1102,AK, lost in 2009
amputhree13,Triple
brocklobstah,
mynameisalso,
SarahAmanduh,
HairyNerd,
Mister-SplashyPants,
SUPERSANK23,
TroyBoy87,
Punjabi1,
hello_pepe,
Iza-fr,
rtab2,
coda514,
klaasvdv,
RockWarrior,
ashkara7,
sarah1854,
-Wander-lust-,Physical Therapist
Dottiebears,
thisisnothelping,
Slanderpanic,
Quattrocket,
chupto,
redbullcat,
Hai_Tai,
Hansyolo8,
byoung006,
SKapper,
swimjammer,
flick13,
ProfMajor,
DocPMR,
SuperMajesticMan,
caapes,
le_danse_macabre,wife of HD amp,wife of LAK
onarok,
onebitmissing,
arizonabeach,
TheDruidFromTuvale,
Takascd,
martijn580,
mojolil,
haraldj,
throwawaytakemeaway,below right knee amputee
HHK66,
din1445,
sweetb3rrywine,
kryhof12,
Mile18,
StudentAm,
curlykwilson,
bataljko,
pepperpie,LBK RAK
Aaronsif,
dalvip,
amycrutherford,
Curious1110,
ohkatchka,
Superhandicapable,
DailMail_Bot,
arclin3,
The_Land_of_Gar,
FallenBlade,
m0n0ped,
Nezuzu,
throwawaytodayandfor,
awesome_e,
thy_noahs_ark,
ThatCrippledBastard,
tomchino,
Themaline,
bbrrii,
interneb,
LeOneLeggedLovely,
mcflyjr,
Kontrolli,
legitsrs,
Comrade_Snarky8,
mikegays,RBK
greensalad262,
MasterIndie,
amputhree3,Triple
dimex,
Justrollon,
Eddiesea,
monopod,
WannaMakeHer,
nakamura_branchevska,
Kaplaa716,
-I--WEAK--I-,
OneArmedTrollop,
DaLipstick,
lefthookgoofyfoot,
sarahfisher19,
Sthpw291,
Doomfusion9,
MyMartianRomance,
SpiderWoman88,
BriannaHamann,
the_full_effect,
Mind4rent,
Meliooo,
ChutneyRain,
dreboxkc,
big_sassy_GIRL,
docb30tn,
MrTubz,
hookersince06,
pktunstall,
ravenrappy,
debijconley,
Mr_gimpy,
peterpixel,
GhostonaRune,
mindful_amp,
Annoyedleo,
Lew1987,
xvasta,
rideaway,
rightfooted,
Zukaku,
qtpie33,
Caitlyn_has_a_Boner,
shattovv,
Strongleg,
Quietcool651,
stuarttttt,
travi736,
Astonin,
Deadleggg,
firetyger,
onelegcasted-,
frosty_999,
HUMANPOSTCARDS,
onelegcasted,
WordSketcher,
Kuukuukachu,
FinnTheDogg,
WillyTheWackyWizard,
jfw621,
cbroz91,Student PT
coornz,
Antisera,
outofpatience,
JackKirby22,
Zajc3w,
BrendanJaySullivan,
Lillith003,
AyyNooMijo,
pranzanno,
momofanamputee,
pinkbutterfly1,
HalfManHalfTitanium,
ALDavroe,
something67,
Dr__Gregory__House,RAE due to PFFD (congenital)
Andrew_Gray,
Bearbutler65,
MonroviaMadman,
vyhox,
elili,
spam-tag,
IveMisplacedMyHand,
redrosie2010,
IfULikePenisColadas,
aannggeellll,
A-daughter,
jsa041,
recontitter,
mopboy,
mdogs2,
tbennett,
Danikaviola,
aka5fingers,
kzezoor,
pumkinheads,
bonerfar,
moist_king,Toes
NotTheNineOClockNews,
Mr__fahrenheit_,
lucky_fin,
ThaUniversal,
619shepard,
Wskytits,
Alaskandsm,
Manulieh,
kareems,
techbelle,
Lucky_strike17,
gripper2,
Pegasus8891,
Ovedya2011,
Victorianovak1,
Icepray,
scottcwaelde,
ABabyInTheDryer,
gasping_never_nude,
sreik413,
ONELEGmotherfucker,
HellaDawg,
quietcool65,
ferdonjackson,
prancerhood,
lightsource1808,
FemaleMadness,
cycle_punk,LBE
andrealeeanne,TMA
JackZoff,
darkflash26,
andylikescandy,
magster11,
grove93,
Cannington,
im_megan,
knumbknuts,
gteal,
HomeMadeMuscle,
Mobile_Version,
number2240,
Ashleyosaurus,RBK
djami_87,
The51stState,Right BK
superbatprime,
wendyuchen,
ISeekSunshine,
At_Least_I_Look_Busy,
twistmental,
veroxii,
AmpHelpingAmp,
ImSkrumpy,
jenleereeves,
Teigesaccord,
araLetot,
omarrr,
Cirrobro,
NubsMcGee,
Bellsabug,
hmtiger86,
jack_harmon,
DCPTtv,
codymreese,
allaaron4,
vroooomyo,
1Limb2RuleThemAll,DAK,RAE
sneakyjoe,
bugaboo651,
zymmetrix,
markg87,RAK / RBE
zorphiel,
GalacticProfessor,
markgbx,RAK
Speculations_319,
lilweezy99,
blazebug18,
KaneSC2,
steveb33,
dr_truck,
autowikibot,
MissAnthropy1982,
Down_The_Witch_Elm,
MyOldNameSucked,DAK friend
grandotaku,
SubcultMami,
burgerisme,
ellenhsor,
SocraticSwagger,
peakachuu22,
Cistin77,
Ehnonimus,
queenmichelle,
codex561,
PillowTalkGrrl,
anetode,
sway_usa,
iagreewiththisbloke,
CODtriggerhippy,friend of DAK
RoboticMustache,
pootfanooter,
Lechonbaka,
Orange-silver-mouth,
Kavr0d,
OhSkinnay,
ThePhoenix14,
katskin12,
Mosiah2414,
Throwaway64647,
borkmasterstache,
3AlarmLampscooter,
haveabannerday,
qazwsxedc1978,
LateLe,
Morbidicus,
DPart319,
Misfitfiend86,
Abev123,RAK
Stumpatron,
fairway_walker,
MegaTonMurderer,
Cmille19,
KHelfant,
BadgerCaptain,
6r39,
The_Hammer_Head,
RaggedClaws,
Orthoprosthetist,
BlackMantecore,
TheLazyD0G,
raddmaddy,RAK
aemerybrown,
Yhyde,
amputeexxx,
jbones99,
moumouren,
youcallthatdriving,
mitchell1530,
FUNKY_BUTT_MUFFIN,
CrippledCuriosity,RAK
Smallest_Ambassador,
wineheart,
AbandonShip44,
Tepsunius,
alwaysblamethedog,
dubdad,
OneHundredYears,
SebboNL,
skuttle64,
youcattobekitten,
jordanmichelle_,
jgreth89,
somekindofsalad,
shallow_purple,
pyxis,
Jpbenack,
e-NABLE,
TahoeJoe12,
seeff,
clanboru15,
RUlax23,
IrmaGerd,
odeyn,
SSSDante,
cityguy19,
angermaster,
JakeSteele,
50PercentLies,
LinkFixerBotSnr,
bagels666,
monoped,
bbubbleslugg,
OrthoRem,
Seanus4u,
Forum85,
ducktales3,
PlasticGirl,
antiplutocrate,
CeciTwoPoint,RAE
21mtho,
prairiemuffinkicker,
TheNicestRedditor,
Ranger1069,
ossur,
abre1687,
funkyricardo,
northernamp,
ampfly64,
mhay2290,
jeffazing,
akrafve,
kill_edgar_friendly,
herp_von_derp,
BiggerJ,
TehNightMan,
throwawayemtguy,
DriverX7,
Digitaladhd,
tenringzen,
trickmagnetron,
k95rm06,
Mc_Trash,
if2morrow,
niteowl92,
Thatdino,
jkmcvey,
javajob33,
billyholcombe,
zapple85,
AmpFan,
Simpleplanqueen5,
LinCatWil,
Ast0reth,
darchangel,
high5c,
sngx1275,
krod_AK,
Fat_Shadow_56,
couldbeamputee,
marcelinevqn,
bubbabilbo,
dabbin,
tixe34,
ekhouvankaas,
thedev12,
Limbless,
JBFirelotus,
blond-logic,
Carter_Says,
NeuroniX_Ltd,
OAB,
chakaar,
getdefault,
backmask,
lukemcr,
throwaway72108,
Z3k3luna,
MantisX314,
CheeryIbex84,
JackdawDesigns,
guanaco55,
AndrewHodrien,
Vendetta26,
DeathByBME,
RigidChicken,
763054,
mxlwxn,
ResearcherNUIG,
iesposito4,
SeveralDraw,
beyond_hands,
Audi0Punk,
Anonymousostrich2018,
Williamwonton,
throwawayaccount7934,
leagracie,
1010101010100,
trisarahsocks,
cls1437,
AwesomeArchaeologist,
Black3math,
Harryo0266,
BMEGatech,
SpeakerSlam,
Amputated_leg,
aaron1handedgamer,
sassysassafrassass,
datacolllection,
Re_Active,
AlluringBones,
CurdledShark8,
Dissly8888,
tea-rexy,
rephleks,
zicklert,
SaucyLowDipper,
SpareTheAir,
thirdy_aqn,
100klicksaway,
C-H-A-R-L-Y,
PM_ME_STEAM_K3YS,
exzact,
BigDaddyDeck,
TheRyanHue,
clifsi59,
VelocityAgency,
pokingaround1983,
mypenismysonic,
PWMnp,
PhamLives,
WeirdChemical,
plsdontturnaround,
Norwegian22,
loveitorleafit,
uh_man_duh_80,
misterpi11,
WonderManDoughBoy,
Tehachapi77,
svanobanano,
michelleelise013,
silverbullet80,
sideofsunny,
ThrowAway276593,
salisburyu,
JoelEdelblute,
No_-_Thanks,
_Isabelle__,
paulpedals,
jajuaqi,
PM_YOUR_BOTH_LEGS,
JamieJayCar,
alwaysthere4uindia,
Kalade99,
pepeisalegendarygod,
Flounciest,
Cchhooww,
BooBooFriend,
Qaunwerzot7,
veive,
noob_gainz,
WeAreTheMusicMakers0,
Terry878792,
NerdRemedy,
cpowell623,
the_groomage,
EastyL,
codarar,
Angelareh,
poor_guy_knuckles,
jtl012,
TheBigAmputee,
unlikelysleeper8080,
jessicainvibe,
ELFortune,
RNR33,
Heidelburh,
Diplodecade,
WhatAreYouBuyingRE,
Beckitt92,
Kipperfishez,
societalsteve95,
Hollidaley,
Quadmato,
Meekadoom,
shanmukanaks,
TheNinjaPigeon,
andrewvanzyl,
MClabsbot2,
maxtnkrs,
OneLeggedBiker,
twitterchirp,
marinai1,
YuHeFtoBMad,
jamessdevito,
skweetis__,
dysmelist,
esued86,
the_breadsticks,
Dj-Dylan-Amputee,
S_F_Designer,
bobafettywap-420,
DentalBracesAreASin,
new-account-2017,
bottochili,
Mukyuuhikuu,
JLW2018,
that_1_fellow,
wildnuts69,
NickCarterBboy,
Mr_Donkey,
lilbigman1055,
KoolaidJunkie,
John334455,
unematrix0,
dussan_,
fatma990,
Boundless-Journey,
pzurella,
tomgreen99,
sandydragon1,
PatmanQC,
StephanieJNarcisse,
Finelyfree79,
SimplyN0tHere,
EmelynGrace,
g__6,
Clem_A,
kalo2,
bridgestonothing,
Dontwerk,
augustostberg,
Needhelpwithleg123,
-sver-,
rab0rg,
Wendybird369,
Stein84,
TrotlineDesigns,
funsai_destroy,
carly12546,
msm313,
Unluckyrabbitfoot,
Uheckjk,
passenger2space,
Neodog26,
adamr614,
thefreshbraincompany,
abinormal,
geo_gi,
Lucks_like_it,
JessyAmp,
Anonomally,
Simplethings100,
livingadaptive,
Maxeril,
Benjaminexve,
blakestudentresearch,
Ronanpersmem,
GregOfTomorrow,
Jacksonpburam,
Jamescerdaa,
aphung528,
comalley25,
Will-E-Wonka,
nomad1976,
3DRS,
ohaque,
ptblogs,Physical Therapist
firefonix-jon,
McZomb,
PleaseDontTurnAround,
EmeraldMew,
gorefiend69,
nmwagner,
JonBox,
kaliena,
alexph11,
Doc-Rush,
Slanderkin,
BeckiJ1994,
evan_mosko,
Islandlad1979,
nwgruber,
Lucasbacontaco,
bastardboy123,
siriusblackcat,
rufmatthew,
hchahrour1,
myveryownthroaway,
ampuseek,
1armedfreak,
JoyMandhotra,
Sycamori,
korymath,
paintman8,
EternallySexual,
HoneyPearls,
GetThatCornOffTheCob,
robbinhoodaa,
missboleyn,
pink_frosting13,
SLKMobility,
oneleg2cookon,
amputeewoman,
DaltonJ320,
Kreissv,
rubbertoof,
mfa_insider,
mrsisabedra,
FightPhantomLimbPain,
Bushmeat73,
DisavowedKing,
not-clever,
incruente,
Veryfathands,
meowwza,
purplespud,
dmyers1297,
getsomeyoohoo,
alienfish360,
toiken,
legitimateworkqs,
ASUstudent2016,
rawaje,
DrMichaelChoo,
DoomReaper,
huntsalone01,
SuperSaiyanCP31,
medixsteve,
Nicegirl31,
aposite,
xBoogerCUx,
leglessone998,
andreydat,
EngineeringStudents,
alexvicegrab,
amputee_throw,
mrboris,
Bridgetannd,
TokumeiJG,
zebraprint9000,
txmedictom,
Jessedubya10,
ampsup2945,
ohww,
LastParagon,
3idvet,
balexr,
kempis2,
ShakyIsles,
SALLYPARKJAMES,
annydao,
qdoentra,
adaptiveskate,
prostheticadjustment,
cfoote7,
lanipondering,
ClayShirky,
rayjirdeoxys,
jasonmontoya,
GaTech_ID,
k2gq,
jeffreyhuber,
Lacielotto,
fiannaca,
poucacoisa,
slimebeef,
jom65,
Jauler6_,
ASDPT,
KmatthewC,
Totsean,
convite,
ImmaculateStrumpet,
sleepydada,
ravikiran86,
By_The_Beard_of_Thor,
nervosass,
sooperseriouspants,
azitguy,
mlinacx,
Nummers8,
prostheticresearch,
muliapack,
UkeReader,
az_hope,
Kellen512,
notacareerserver,
Smail_Jr,
Bright-Moment,
Kalkazar,
I_need_you_apm,
Hitaki1337,
nownsankar,
engdahls,
AdrianBlake,
Gr4phix,
johnr77,
Geofferic,
t4rge,
greatdn,
devotee_amputee,
b0rkb0rk,
sir_ripley,
lesliepittschneider,
snoops69,
rwolfe7,
eyongdenis,
Drjoeel,
Beanz122,
frattythefish,
kaijujube,
DeltaManga,
awkwardjeff,
FerretFarm,
chasincaroline,
HelluvaNinjineer,
livingonehanded,
steve_nyc,
so_hologramic,
OneArmedWizard,
j_gu,
cycoliste,
proud-amputee,
thepretender2013,
CVS174,
rmmseo,
ignaro,
DezAugusztin,
rumblecrunch,
Freasy,
brooka0,
Ladybuggin288,
Nothingtolookathere,
heavensoldier777,
captainjoel,
