Dr_Gillian_McQueef,
RNIBConnect,
AllSeeingGinger,
Hannabis80,
oct_23_2012,
tanomous,
fainting-goat,
HalfBlindMe,
pomegranateskin,
sbfth,
blainestache,
seismicdrop,
Aquaos_,
Squidderf,
torelma,
tessawegman,
fruitchicken,
tonarie,
APoemAppeared,
PungentMushrooms,
_frederik,
modulus,
9gagisfail,
Derpette4220,
ntohee,
ianhamilton__,
ICUMTARANTULAS,
jesseaverage,
JarviaZiva,
mailmygovNNBot,
FoggyRiver,
MirandaRenee1991,
MowgliB,
SWaspMale,
sghokie,
ThePracticalPenguin,
Symbiotic_insanity,
molonlabe88,
kcasper,
jenniology,
Jepstromeister,
asstamassta,
acceptyourself,
johnnytai,
camesjohnson,
swissy23,
watvisionteam,
mentionhelper,
compreddit,
tightfade,
kwizrr,
themadmountainman,
Lepryy,
mikeanderson63,
ABookishSort,
ParamedicStudentCND,
princyblinds,
MelisaSekerci,
Muchashca,
ProxyTeeth,
talvesca,
DasHarris,
meruapps,
gildme_11,
shuddering_1234,
indigodelirium,
wynstan,
Buffalo0018,
vlatkoi,
NerdMom9000,ROP / RLF
Arjearning,
RODAMI,
drmcbagelskins,
impablomations,Homonymous Hemianopsia
throwawaysoupisef,
BrotherDave87,
anthonymattana,
easyblinds,
bunnyrapture,
RadioDJDan,
patchm0078,
g321khalid123,
Berriuqam,
thenceforth,
cnmpeifgxjrk,
bakaniinii,
not_court_,
penelaine,
silverclaud22,
how_u_doing,
gorkt,
ELcity,
Mobo95,
CatTheCat,
webeswork,
domtom657,
welshery,
poiro,
rhysbans,
KickButtUsername,
lapingvino,Sighted, Accessibility Aid Geek
screen317,
jonstark98,
dj_clark,
dannyoc34,
Marconius,Blind from sudden RAO
Nicksaurus,
ticklesoda,
furtivepatach,
IA0731,
theparadoxoftech,
Jumpmobile,
TeamMagmaDaniel,
crysb,
nyxeka,
FreemanForever,
DiatonicSir,
Why_you_no_like,
Benthetraveler,
boogybearjew,
n_sinclair,
Fridgerage,
transcribersofreddit,
ambisweetiepie,
charlie_ewing,
sw4400,
This-was-a-triumph,
ecalevol,
switjive17,
ShivaBadger,
Unitaur,
nunodonato,
yanarpp,
iero2005,
AchooCashew,
flarbargason,
geanes,
alittledropofdreams,
mobiledakeo,
jvttlus,
Squiggle859,
durden28,
Seatown93,ONH / Cyclops
Gazerella,
CurtainGallery,
acbabis,
morrisdelancey,
CommaDelimitedList,
presque_isle,
retrolental_morose,
Bartimaeus58,
BuchanMan,
SeriousStart,
swissy_queen,
notlootkib,
logicblocks,
unitool,
Alnilam_1993,
TakingCareOfBizzness,
gelgez,
CrazyCapricorn,
dascase,
CondemingSocks,
ProjectISSSL,
CommittedToQuestion,
OneFishTwoFish,
Penisgang,
rajneeshbhatt,
elepharas,
miketheinkman,
NomYap95,
casimps1,
krausl2,
Swisspipers,
sylvanas610,
RoundSmartPanda,
snthsnth777,
ElectromechanicalFoe,
Squishy_Pixelz,
DoodlesAndSuch,
Warrior5108,
literallyARockStar,
sydhasmybike,
luckyboygl,
TheTinyTheorist,
Princess_Consuela_,
PractisingPoetry,
Yokiyoki87,
royal_rose_,
adamleach,
estj317,
YKguy,
swimmer91,
EndlessReverberation,
AMD_K6_II_Fire,
LanceThunder,sighted accessibility enthusiast
Costco_Groupie,
SpoilerAlert6,
shrooq_1004,
213267522,
Kholnoy,
BikerMouseFromMars,
goravsingh,
EngineerVsMBA,
deadalias,
xXminilex,
icywindflashed,
Dnessen,
Clive_Buttertable,
lcblinds,
zosobaggins,detached retinas
captain_tedious,
helpfulgrandson1,
Dragonoflime,
Elicru,
ycc2106,
96tears,
SightlessSenshi,
blueaccess,
DragonflyDanger,
tcdavis88,
wendyfdz,
ConvertsToMetric,
NurseyMcNurseface,
PuzzledPieces,
insomniax20,
ctess,
ImamBaksh,
clark3141,
RomansBlindSydney,
Bob_0119,NFL Referee
adiesome,
Chewy453,
cooperella,
1000100001,other/dyslexia 
arond3,
CNIB_Ontario,verified organization
Erik4025,
Crookshanksmum,
sappholiage,
l_eihpos,
get2workorg,
C5H5OH5,
protekt0r,
dolokhovtheassassin,
BlindDevelopment,
stealthbuzby,
apeinej,
ieee8023,
mogi611,
_youtubot_,
matthius21,
PTomCruiser1,
PourArtist,
G-Dash_ShyGuy,
homeschooled,sighted significant other
covracer,
alienfish360,
Dempsey____,
remcuagiahuy,
questions4theblind,
panchoVilla00,
MrGrumpyPlumpy,
TanjaStevns,
mosfette,
Royce_1991,
Bourne9,
purplejackets2,I just wear glasses
Dpp_funn,
Luketomba,
nnnnaaaatttt,
Graupers,
CowboyBoats,
crickettekeeper,
Skriet,
s1anden,
Flo-y-Otto,
AlmostARockstar,
lan_phuong,
EndTorture,
spanieldaniel,
cinderbiscuit,
Loving_Light,
Insomniac_813,
BlueJayFilms,
TheCrankyHoboGoat,
FatCliwn,
spydermane12,
Menelly,
skedaddle_,
altmediapcc,
longdongT,
Nytra,
PM_ME_UR_BONGOS,
PMSprncess,
HailDaHailu,retinopathy of prematurity in one eye,friend / family / other [edit]
Anton9000,
TheTouchPadPro,
Charlemagne712,
Buffalo__Buffalo,
wilmotwillnot,
doncarcharias,
blindsdubai,
Kwizi,
Materia_Junkie,
TempestheDragon,ROP / RLF
NemethAndMath,
chere_,
goaway432,
jessiepp,
fuck_ya_bud,
EDD_project2,
nekruhirttopuuhun,
everhood13,Grandchild of a blind person
Silverottawa,AMD
AnotherSmegHead,
RandomGrenade,
somewhoever,
carpenters3,
jitenv,
JCFlex,
FluidicDivinityX,
Withyourfeetintheair,
unreal_wrestling,
ClaudeMichel,
taylor_booth2,
hashtagblinds,
blind_visionary,
stainedblueglass,
redhotchiliguy,
gerrit648,PhD in Social Sciences Northumbria Uni
RnGRamen85,
butticorn,
jul2040,
dasmerten,
CVRTCOMSCATIS,sighted, blind rehab specialist
hashmap1770,
Jhp8,
TheShittyBeatles,
kevinparry1,
BlueWeavile,Sighted
___T_R_O_N___,
standonthefloor,
NewTown_BurnOut,
temposhde,
Holycram,
domenukk,
polecatma,
catchthetams,
kooknboo,
miss_misandry,
iRep0s,
elcapitan36,
ksekll,
lsw998,
DerekDeath,
coinsprinkler,
cmeengineeringgroup,
PhoneHomeDev,
Dofolo,
NFBofCASanDiego,verified organization
a_mikes_415,
gettinashes,
Aulig,
Brisslayer333,
chelsea9898,
stevegiovinco,
Kuderererer,
ktthemighty,
plutoniumsalmon,
Tardis79,
sh4butie,
obligatory_poot,
theyellowleaf,
Naposie38,
lindsaymad2000,
taleser,
evilneth,
lightsrage85,
akejavel,
MaotheJoo,
jenna453,
intrigued_human,
RockinTheKevbot,
ControllerD,
tymme,legally blind, cyclops (Rb),legally blind, cyclops
xbeavis12,
JPUlisses,
selamat-pagi,
Paneled,
Asajev,
slap_thy_ass,
ThrowawayWebU,
SpunkBunkers,
well-rounded-comrade,
whitepupper,
HelloPlzHelpMe,
Anil_ER,
B-dub31,Bilateral Optic Nerve Atrophy
Crazy_ManMan,Sighted, just curious.
Talking_Books,
DeToothe,
singwhatyoucantsay,
KelCougarMellen,
tjbooks2,
PinkMistress,
ColonelKepler,
w_b_,
Supra_Molecular,
LowVisionOnMission,
blindvalkyrre,
nishakang,
comneard5,
VietcisBlinds,
Hayaros,
sliprose,
MLPBaby,
rendesr,
t3h_shammy,
Dominicus7,
JJT774,
cb11acd,
psiphre,
daisyalesoundworks,
agnotita,
tripability,
Lion_the_Bunny,
cheats47,
air_child99,
Terry_Pie,RP - Legally Blind
Where_The_Sauce_At,
girlacrosstheocean,
Harriv,
kuyasthrowaway,
7_0_7,
DrN00bzLab,
ilikebigbuttsszz,
nukeio,
mmmmax,
Barbarossa7070,
samarositz,
oneeyewilly01,
Ltmusashi,
Riptide78,
Balthier1234,
anarcap,
proboardslolv5,
PracticalResearcher,
TheNuttySocialWorker,
omgnodoubt,
oceanbreze,
Monoxboogie13,
gooser24,
kaffemustasj,
PapuYannis,
FlashingRedBobOmb,ROP / RLF
IamCGI,
kokonuut,
snoosmooseTV,
Shadowex3,
Dicentrina,
mikeesfp,
joeyda3rd,
Calidin,
NatiiCat,
Lmasonf,
ShatBrax,
lifebeyonddarkness9,
SSaadM,
murraybee,
NakedTonyDanza,
RogueLeaderJ,
curlyq15,
spmealin,
sarahkatharine,
friday_the_12th,
pdstrickland,
sequinsedgown,retinopathy of prematurity / partially sighted
johvannyce,
Do_I_look_like_I_giv,
PM_ME_THE_,
Jim_Macdonald,
lunaysol313,
shakitar25,
priyanmuthu,
LauraK9,
Zensune,Sighted Son,My mom is Blind
EyeAmADeveloper,
Windolene,
BritishLibrary,
TheLambertghini,
haelaeif,
cookies1mom,
1millionbucks,
Johnnyinfinito,
ohmsnap,
birdski063015,
Gabby_Anania,
nazthenerd,
bereuxp,
engineeringwill6,
LeslieKnope_,
Savonlinna,
plartoo,
MarkWhittington,
danjouswoodenhand,
shesonfleek,
adzey,
drea7139,
UltraMarioGuy,
Beniebeans15,
LtSchlitz,
MeepBoopBeBoop,
obelia,
thisperson,
cd9045,
static_motion,
alteredsteaks,
rishabhpatil,
SweeetPotato,
Helix6126,
Deskships,
cerealcable,
GinAndBitterLemon,
How_Many_Fingers_,
BlackKingBarTender,
incestthrowaway16,
Whereami259,
Emilyroseb,
ahawkuaeye,
S3w3ll,
Drkmirror,
jwall97,
RobertDowneyIII,
snark_nerd,
apknole,
Mainariini,
CaptainToodleButt,
7ballcraze,
bman202269,
Nick_w_c,
oppai_suika,
HCLAmerica,
TeraFlint,not blind
Rachelkeas,
carrollcenter,
sanya4,
walkingthelinux,
Garretdepass,
preiman790,
agoose77,
thebigbadwulf1,
47milliondollars,
kromagnom,
Bananaandcheese,
Questionquq,
Laidbackk,
branmcf,
rescueisnotamyth,
Seffo22,
Drop9Reddit,
rigby_321,
Octetz,
videogameboss,
Psymonthe2nd,
letapragas,
RFLS,
diddled,
Vanna_pNk,
grundlehunter,
word-is-bond,
SuperSocrates,
type_E,
PM_ME_DERMATOLOGY,
DanyiHuang,
BlindScooterGuy,
ehode,
rebeccaademarest,
MessyPoppy,
jennym123,
ishkenread,
Jalarast,
szalhi,
yeahfilms,
ridleymartin,
mukesh666,
Fit1mac2,
Coloratura1987,
Jcb2016,
iceking393,friend / family / other [edit]
buschic,
christhetran,
hopbunnyhop1008,
Quail85,
newellka,
KarmaUK,
sudevsen,
JennyReason,
eeg_bert,
Haiquh,
Leeva1993,
jackthezoo,
onetwothreemarlenas,
bensteinbuhler,
ryok141,
pavel_lishin,
92NissanBluebirdARX,
cynicalfly,
Sunshine_12,
eeshanzaman,
chadcoleman808,
zirfeld,
Mintreee,
Tjank,
yourewelcome_bot,
SK-Kiwi,
Ex-Digger13,
DavidTheMakewright,
ke7zum,
ravencrowe,
mvcCaveman,
krvl11,
Olivaaw,
vorarephilia,sighted, but still can't find my keys
TouchMint,
Vwave,
lizardgurl,
tawaylidemp,
maker_geek,ROP / RLF
im_bot-hi_bot,
Seven_deadly_sines,
green_apple_snapple,
reeceobryan,
TheMartianGame,
clamjam42,
Jsevrior,
Pacificem,
0bs0l3te,
RunnerUp92,
FishyWulf,
AgentBTzz,
22rabbit,
shaan1232,
throwsFireball,
georgeQwashington,
Juliandersris,
fakecatfish,
Dimitriskatsoukas,
GermFreeCloth,
blondonblond1,
j-rocc,
blueicedlime,
AdministrativeBlue,
cronaman,
mygapps,
m1k3y61,
Rhymershouse,
Asadicat,
BonaCrobona,
CyberTractor,
Negatratoron,
VintageElise,
Philosobean,
_init1,
Troynikolic,
Narmince,
21stPilot,
SophiaDevetzi,KC,Keratoconus,Keratoconic
Shitbadger16,
jda117,
calladus,
Dacia_Farandules,
Nighthawk321,Gunshot.
MyTitsAreRustled,
whhelp,
whoswhowhoknew,
Jacyx310,
caseyblinds,
juaky,
Mhingson,
tiggrr2001,
allieooop,
Scroland_DeTaint,
everbytestudio,
Casey--,
LarryWren,
nothanksjustlooking,
selenebug,
flyinglasagna,nystagmus
Pepe_WigglyWings,
kamee312,
mewtyunjay,
-liminal,
MrBlueSky9999,
BraveRock,
drjewlittle,
ArcticKook,
LinhsWindow,
Graham87,
ItsBabySheep,Sighted but 100% deaf
hammerfaust,
btylerg19,
shadesystems1,
autrement,
aisafetyceo,
MariaWatney,
cooperdaniel012,
Rockclimber88,
psychswot,
jijie21,
Mr_Greenthumbs,
Xomrade,
evan189,
lhamil64,
The_Anon_Girl_ThrowA,
PBR303,
muertopvb,
payown,unknown, since birth though
yodathewise,
Fultix,
Beerbattered-beer,Albinism
trevorttime,
SamuelstackerUSA,
Thunderliger,
altgenetics,
Sir--Pineapple,
goldfingas,
Babygirlbarbiegirl,
CalmingDog,
RagaKat,
sloggervlogger,
SapphireTech,
creativesecondhand,
NShader,
0xdeadf001,
saidtheblindman_,
ScTrumpsRel,
IThinkYouAreNice,
tasty_pepitas,
romanj35,
NahumGardner,
demon_duke,
DaveyMames,
HippiePete,
SeeingIDogs,
FizzyWizzard,
SpudGun77,
val_crow,
SupermarketSweep,
TheKephas,
TheIrishJJ,
humanfactor4,
krASHbandicooot,
robertDouglass,
wishfuldancer,
musicjunky7,
CatsukiDeku,
mehmetegemen,
RindellFairbairn,
Illithilitch,
drak0bsidian,
bviresearch,
samsmel,
Ravenwolf845,
BLINDtorontonian,
patman4000,
gravehunterzero,
dakeodner,sighted
Oibreoir,
cvjones360,
tallin32,
reseatshisglasses,
ultrasound-blinds,
Sureshadeau,
ChilledSylph,Visually impaired since birth
ICatchMemories,
liquidDinner,
WingheadMedia,
extrablankets,Web Accessibility Advocate
atomsforenergy,
BilingualBeatdown,
Analog24,
randylove69,
lookaheadfcsus,
evolsteve,
mayuru,
peniscapades,
yassthepinecone,
deciantis34,
ChasinFatKids,
Suhn-Sol-Jashin,
sooperdooperboi,
mike8534,
dieplankton,
ragesalone,
Just_be_cool_babies,
O5-8,
CharmingChica,
an_whitehead,
phidya,
theycallmesheddi,
_trike,
Cattus_deam,Sighted Spouse
Felixxj,Friend
bencaro,
RaptorGoRawr,
gg69,
SamwiseHighrise,
ZoneFive,
iamfedericofabiano,
JustinThomasJames,
G0lden_Ratio,
likechoklit4choklit,
LoLingSoHard,
Toastinggoodness,
nolispe280,
Hexxman007,
AlexandrinaIsHere,
Chad_JH,
Glitterypuns,
tonnogamma,
uniblinds,
GratefullyGodless,
DreamscapeFoundation,501c3 Nonprofit
vitaly83,
Canes123456,
Mandodave,
Ummah_Strong,
BandedeMacaques,
PeanutDynamite,
amanaemonesiaa,
desbest,
fennesz,
devil_lvl666,
Snehapriya29,
l1243a,
GreatOneFreak,
Unseen_Art,
hork_monkey,
AutoModerator,
MostlyBlindGamer,
Owlluminate,
free-improvisation,
authenticapathy,
biomed_girl,
f1ourish,
mackairing,
_mychoices,
Iang9616,
RadicalBoner69,
jordancaldwell,
TheWorldHatesPaul,Low Vision - Pars Planitis
deathstick_org,
suvaw,
po_,
pros599,
RogueCandyKane,
emz452,
dingo101,
Zskills,
Winnersh,
Sam-Gunn,
WindupBot,
jtchworld,
T3hN1nj4,
fastfinge,born totally blind,born blind
Doty1154_,
DulcetFox,
cirineo,
Amnizee,
blindthrowaway1234,
gmoneybigs,
Goats247,
litendator,
KageMunchi,
blind12345,
felipeseixas,
kaushikit88,
StormyTheCloud,ROP / RLF
ducttapelarry,
WhiteCaneGamer,
Lazorkiwi,
idkdudette,
refrigagator,
99mg,
Emmengard,
LaV-Man,
Yasuragi,
Travis-Scott,
girlfromthebasement,Glaucoma
DeanoSnips,
Hexatona,
Narishi,
matt_may,
johnyma22,
Jumbleduplya,
HZCYR,
djentlefish,
EruptingEdges,
PovertyPanda,
sunlitshadows,
runningindarkness,
Dragoniel,
commtechusa,Retna Detachment Total Blindness
Sexual_Blender,
jared__,
Emo_yt_bands,
bottlesnthrottles,
awerawerawerawer,
reallyjay,
jbonezzz,
devynadams776,
Nixon154,
Forking_Mars,
notmadjustnomad,
I_want_to_paint_you,
customblindswa,
JustSomeGail,
samuelcha012,
themmama,
WantonWontonWalton,
ObscureRefence,
EnableNeeds,
thepettyoodlenoodle,
mr_ultracrepidarian,
TeamRedwine,
NuEyesJenny,
Kitchen_Marsupial,
EdibleFruit,
JusBis,
Probono_Bonobo,
PeachMinaj,
redder12321,
coconuthead777,
EdS909,
thekeffa,
jack_wang,
Bens_Dream,
hokesgibbs18,
polariskai,
blindthrowaway92,
TekShouts,
heartincannes,
NoviceJavaProgrammer,
super8chump,
timezone_bot,
iamflatline,
insane_pie,
throwitawayyy1234,
youhatemeandihateyou,
MammaMia05,
webeyeclinic,
BuffySummers22,
asfvision,
w3rs,
craig4nr,
idiotsloveboxes,
Footynutguy,
drakeisnotsad,
BlindnotDead,
MilkFarmProdigy,
jomamma2,
vga256,
Keithers143,
manamachine,
Festygrrl,
Karys_jT,
Hazthemilkybarkid,
headonbot_,
mgokturkayan,
usefulbuns,
JustHeree5,
Kster809,
JackEsq,Parent of child with LCA,Parent of LCA child
KillerLag,Sighted, O&M Instructor
Professional-Dragon,
ryddyt,
Wolfladysoran,
gracefulltree,
Thesalteeone,
texanpanda,
piscinas12,
smokemasterblckstone,
GaryCarver,
HannibalCake,
Neptune2284,
Carusofilms,
1yellowfish,
doodlebopsy,
TheQueryWolf,
GuideDogAndHisQueer,Glaucoma/keratoconus,Glaucoma Keratoconus
MoodyPersona,
flashgasoline,
PropaneSalesman7,
donottouchthatbrl,
oldspice75,
Lisalateanya,
hothotnot,
HaylonMc,friend / co-worker
theundeadelvis,
Sollaxis,
Fyreraven,
Kunoichi96,
sudorobo,
n33dyourlov3,
blindchicksky,
shaysters,
sharpseo123,
TeaRev1ew,
Finishedschool,
collegedoomsday,
exhaustedoctopus,
nirvana316,
Dycruxide,
zkbthealien,
spinferno,
zeek786,
ajwhitely,OCA1 - Legally blind,OCA1a // Legally blind
rminsk,
sunlaand,
ericdevice,
fridm,
Tidemand,
davewp196,
Balsimon19,
DevTrooper,
DAC-2016,
ewoktalia14,
bountifulknitter,
Jerome-Baldino,
6THE6SUPER6DEVIL,
jordilloria,
a_little_motel,
Bulletti,
crocogator12,
funkaarnca,
NotAlwaysPolite,
The_Antlered_God,
franemory,
h4nchan,
Ludeeejude-_----,
Epoch6,
TotesMessenger,
GringadelRio,
punkter_peter,
elitepvc,
KidA001,
UnluckyLuke,
HisSweetpea13,
bubblesqueak,
CoolBlindTech,
mrgermanninja,
ea_accessible,
allenrjr,
torquetorque,
Top_Sniper,
myaccessiblewebsite,
dporter8,
FuckCazadors,
SpamThisUser,
TokumeiJG,
FREETOUSESOUNDS,
zerosledge,
hackworkx,
SnoobertDoobertDoo,
goalquick23,
PedophileJesus,
BlackberryKei,
xXnoynacXx,
MyLegsTheyreDisabled,
AlphaCookie360,
tupac_cares_bot,
ZombieAlpacaLips,
GREENCARTIRE,
princess-coldheart,
UserNme_AlreadyTaken,
_Elias_,
Sjb17356,
roozgirl,
KumaLumaJuma,
dmyerty,
qualityer,
InfectedP0tato,
Reaching-Evora,
kennethbrodersen,
pringles11popstop,
juleppunch,
SometimesIAdult,ROP / RLF
thomaswilson1,
BlindWolf8,Legally blind/CRYO-ROP
smkelly,
blinddiver91,
triceratoss92,
mosselyn,
lost_file,
slimejumper42,
tabithatradawn,
IndustrialSabotage,
sudden_blind_spot,
kamikazeska,
justanothergirling,
saharacanuck,
Morris_Design,
individual865,
gmsc,
Hellsacomin94,
cptnfan,
throwaway5222222,
Literally_Hitelr,
CaptainCaspian,
RealNovacain,
Rajpanchal65,
DontCallMeJudy,
theorymaster,
Michal_Ciganek,
ryandavis123,
CommodoreSillyPants,
defjam903,
tangozebra,
jay76,
andi1235,
hueylewisandthesnoos,
dmazzoni,
rpetersen29,
homegrowncountryboy,
air_ben,
ArcaneGalaxies,
zinzinzibidi,
AzkabanBreach,
_justaddSALT,
pingpong,
asshair,
Jdban,
alwaysoz,
ZAD-Man,
ShinigamiKiba,
sj1220,
jnpg,
gzampf,
Pajamrama,
Aedeus,
nkeo16,
TodesKoenig,
sirhopeless,
ActinomyBubalicious,
LionsDragon,Glaucoma
xiongchiamiov,
JackFly,
s2c02,
wehiird,
huktheavenged,
eroniki,
EnsignN7,
audiogameedits,
Vampilton,
sofquipeut,
CheapLuxury,
shadyhornet,
BlueImagination,Assistive Tech Specialist
mamatobee328,
elliotlgardner,
jina100,
Snessrek,
korobi,
parham90,
Derfrosty,
abifel93,
WitchofPeanuts,OHS
redjedi182,
justbuyamac,
jgrunshaw,
InsomniaDoodles,
jovialjazz,
i_like_to_make_stuff,
cyjc,
Hanzbrixx007,
dakkenet,
Drunken_Economist,
cuerdacieza,
EmmaFrostDiamonds,
hellokitty87,
youngsyr,
Diabroticavirgifera,
TheDataWhore,
Mentoman72,
alex-star,
LazyLinkerBot,
poopistoofunny,
ingilizcecumleceviri,
TwinPurpleEagle,
tigrrbaby,
EducationalLocksmith,
robingreenwood,
waouadi,
sandydragon1,
Forlish,
bluefish420,
rumple_fore_skin,
danangdaenerys,
Inersho,
drrgrr,
Abodyhun,
Queerful,
DrBurst,
awakeningmoment,
jesset77,
drewtass,
annibear,Autoimmune Retinopathy, very low partial 
ZugNachPankow,
skidmark-steve,
Gopnikolai,
Panzermench,
legsandhairgirl,
Amikesh,
RJHervey,
dtcane,
AaronShingeki,
higherarchyeducation,
domah2,Sighted
t_l_m,
oldchicken59,
turn0,
Lxox91,
IHNIMAN,
Arismz,
g0tt4-h34r-2-b3l13v3,
dsfdgfhgfjgkh,
I_AM_PROBABLY_DRUNK_,
The_Radders,
xuanbinhbkn,
ShemeshiePrincess,
babyrage322,
RosyShine,LCA
sogdog6,
BigPhat,
Death1223,
GoneVision,blinded by the lightâ€¦ revved up like a deuce
deadcaribou,
sleepsortof,
Stopl00kingatmeswann,
jplus,
isleyreust,
leadcitypro,
FLA_Grown,
CincoDeMustard,
thoughtbubblecx,
crypto786,
passwordistaco29,
Dthnider_RotMG,
iam_that_one_ag,
Kollinphoto,
deafmexikan,
saizai,lightblind
king_of_the_universe,
NinjaHDD,Supporter
EdableUndies,
chrissieness,
catfacedgudgeon,
kumarvejandl,
KnifeVsGun,
Thorrkky,
Dattosan,
floridablinds,
-shacklebolt-,
waycay,
possiblenecessary7,
Sole_Scuro,
BeyondKen,
TheyAreCalling,
cupcake6740,
wilcoxc26,
Matthewnighres,
fods_fods,
ObsoleteOtter,
squirrelbee,
drury,just myopic
smoothypring,
Dharma_Mama,
MaryJayWanna,
trilluki,
MushinZero,
ACT_UWE,
VincentVanNope,
bennyd09lfc,
PodcastJunkie,
xzlool,
Roborowan,
torterrashiny,
ZW5pZ21h,
remigusvarg,Retinitis pigmentosa 50 % loss,Retinitis pigmentosa
galani3,
djquik1,
Mairy_Hinge,
ballisticRenegade,
berk_bear17,
The9tail,Right Eye Amblyopia
cS47f496tmQHavSR,
Newsbunny,
ilovepeekaboo,
db282,
greymyre,
lawnmowerparades,
JavaCprogramming,
hangeryyy,
BasicChick314,
Immrmeeseeks125,
giraffeaquarium,
fdjiosdiurte,
tobltobs,
preetnation,
CherryRaven997,
lardparty,
EldieTurner,
Terra-Delu,
God_Eats123,
DYWAFanta42,
durki1,
Britner,
robsug,
ajsdo222,
rp1p,
permutationstation,
vagrant-tourist,friend / family / other [edit]
Positron311,
Firetape,
theaggravatedjew,
themonopolyhat,
Frigorifico,
yayskates,
Xperr7,
rollerblind,
chickwithstick,
bleeding_light,
Cone1000,
andreasilenzi,
DragonDDark,
Cognitive_Caharin,
sunsetsaturn,legally blind
Nigfucker5000,
cheapblinds123,
blinds4ukuk,
southpawRED,
Its_Clor,
brotherlyshove,
calicopangaea,
TheLittleBiddle,
SilverLillyFarms,
idiosyncrisia,
WindowCovering1,
voice_smart_home,
Kangeroo179,
PSN_Thomkek,
senior_thesis_,sighted / accessibility researcher
safetrek,
adambrenecki,
stovekingboss,
aloverofthelight,
MN-Kona-Co,
Rustywatertower,
AngieBeatDown,
baudtack,
brown_terrorist,
anticapitalist,
osirisjasso,
Idreamofbunnies,
betterAT,
Leprecon,
reevesman,
bleeblat,
westlin_wind,
gracers94,RP / legally blind
Svpzk,
MakeThisLookAwesome,
paulokei,
eveningfallsaway,
Jonatha8750,
acejang,
DystopiaForReddit,Friend / Dystopia for iOS Developer
potatoesarenotcool,
DinkyDinosaur,
teewuane,
Byron-Black,Sighted Spouse
Maraakis,
Jasmine111111,
pazdale,
vedfer,
AnElusiveDreamer,Legally but not metaphorically blind
StrongBoston,
martinerous,
abbyhollick1,
Blindsto,
Viroro,
Opoponax,
EulerTheToiler,
betaros,
funkymollusk,
alannabonona,
tqi,
inconditely,
MeowWhat,
Treatstock,
LittleOneEyedRetard,
hopesthoughts,
Redhair22,
stevesgamebox,
EMLuz,
cartertemm,
murcielago1979,
b2433,
oxensneeze,
kayafonic,
jelbee,
mlang23,
bromeliadi,
Muzick_,
EvilAbed1,
_Livia_,
dxey,
iltry,
andrew155,
wwwhooosh,
PortraitofAltas,
NeroTheGlowFox,
hsh07,
daniellamonet0,
TheNobleHouseMartin,
journojam,
geneclark,
Euden,
V4refugee,
yuhong,
Inmehmeh,
OneiricGeometry,
Uatu71,
doodoogirl,
emericle,
HariboG,
JMinsk,
bi-hi-chi,
Chucktayz,
charliemyheart,CVI(legally blind),cortical blindness
Dominoezz,
U5efull,
RapistBurger,
Innitinnuitinnit,
shashwatdecor,
holisk,
Thus_Spoke_I,
blindexperts,
DeadArtz,
nearxbeer,
Kudyard_Ripling,
SteezinForNoReasn,
Angellotta,
alexwasnotfree,
TheCoolestWhiteGuy,
TheBreakRoom,
Disney-Roo,
gc_mom,totally blind since birth
Syrithel,
TwoSmiles,
grubuchmu,
snickersnipe,
planeketo,
jenny224,
aAscii,
Kryptosis,
mpdietsch,
WooshuYing,
csloth,
The-T-is-Silent,
criticalcontext,
doctornex,
klarinette,
TASSPAS,
Chocobean,friend / family / other [edit]
Veron4ica,
lifeobserverrr,
SeniorEgg,
caverunner17,
dawggy92,
Ouchouchwronghole,
CocoaBagelPuffs,Educator
MrBillAcehouse,
AlsoMostlyBlind,
bearjuani,
Cleeth,
tmj00110,
PatHenry1990,
GreenHatSam,
TheMadProfit,
Falandorn,
gotnonips,
Closterdad,curious
SLJ7,
SleeplessinRedditle,
velvetcactus1,
Bumblebree,
etafesse,
cajwalkman,
MovieCarScene2017,
WyrdWebWanderer,
theszak,
spicytuna123,
cbaskin,
bbruinenberg,
maccers3000,
YJeeper456,
easwaran,
jnbeatty,
Sprinkles2009,
clandestinewarrior,Legally Blind
Cobra800089,
Adipost1,
lilchub101,
Skooober,
DeafBlindAndy,
AceBobcat,
MUCHAL_JUFNERS,
MarkoThePeaseant,
Splatoon-U,
Blindsk,
OsotoViking,
INeedFireWorks,
LuckyGreenLizard,
Jaykobb,
davidsfirstimpact,
sprinklesonbread,
VainbIade,
awesomesaucesaywhat,keratoconus, legally blind
wilcjames,
WorldTruthTV,
SerialRepeatCustomer,
Blackphidora,Sighted son of X-Link RP
Inevitab,
xGETxSHRECKEDx,
novaskyd,
jofish22,
blindscanberra,
clfrancies,
Elystriel,Sighted, Education Researcher
insomniasucks3028,
Rw0004,
drporoporo,
girlfromchicago,
amusingbush23,
pmmeyourtatertots,
xilplaxim,
wildtrk,
Lebo89,
KingFluffeh1,
TheFightingPony,
IAmAHistoryMajor,
LukeVenable,
marc2912,
redesigncurtain,
NippleClams,
nancysings,
hope-opotamus,
XcessivGuy,
celticfang,
enygma2126,SO
Inthemoment8,
5nowx,friend
Pat_the_rat,
androidguy52,
rahaventhan,
acegallagher,
The-Giant-Toad,
NekomatataGames,
StopTheHaunting,
omnicool,
JoshSummers,
xg7b3,
reddit_aol_com,
napoleon88,
happuning,
jpw20,
Lust4Nothing,
scottv2089,
greenearcorn,
AlwaysLilly,
kaall,Glaucoma
walterbanana,
vinzBad,
pandamamama,
McLyan,
Nu_think,friend / family / other [edit]
ohx,
Kalagrioffoa,
DotbyDot,
AmAsabat,
qcrecherche,
lil_ej_from_dr,
mimi1218,Not Blind
morgaes,
Adamj1,
monsterkalaspuff,
GothamBum,
mindbleach,
JaminEatWorld,
Faldorn,
wishing_on_stars,
TinaC02,
Sebastiantico,
FuckAllSJWs,
Anrza,
KRU301,
WorshipMyFace,
tlarsonutt,
ArchCarcass,
friendlymarmite,
gifv-bot,
luftkommandant,low vision,strabismus,cross eyed,4th nerve palsy / low vision,strabismus/tbi
Lloyd-Boner,
vikramroks,
wat3rlilly,
lurking_in_the_bg,
PrinceYann,
SlapstickVampire,
Yay295,
manlymeep000,
weebaab,
CourtM092,
AvinashTyagi1,
vocal_focals,
TheJukeZ,
TwistyTurret,Sighted Girlfriend of Boyfriend Born Blind
_Micz,
jessicahaverford,
legosfreakasaurus,
ratadeacero,
GhotiFone,
princesspoptarts,
sshkal,
flawr,
tururun,
Voxalizer,
Atomic_Jellybean,
cutebirdbutts,
olivaw_another,
Watch_The_Expanse,
ethans4172,
deenmeister,
GaryJM,
ZacPensol,
GarbageyaD,
Footinyourass_,
Beta_Null,
daqueer,
xbotgrl,
Suffragium,
seeingwithsound,
MadEmperorYuri,
JasonDaAsian,
gunfart,
robomontade,
tristin183,
iamtale95,
king2knight1865,
Turd_Blossom92,
Rebecca1207,
lapaloma1,
TurtleSayuri,
Scarabooh,
Qwertyniggardly,
Neetz512,
colinroberts,
DitaVonFleas,
ScarReincarnated,
SunnyLego,
duggie_R,
jeadwi,
8solutions,
redstone1337,
SquiffSquiff,
kbm24,
TheRedBaron91,
SarahToo194,
xxx_mlgnoscope_xxx,
thebicyclerepairman,
Mesmer7,
Lajho,
GringodelRio,Sighted Spouse
Badassmotherfuckerer,
magicguineapiggles,
triconderooga,
edd010,
Ladbon,
48683,
Necronomiconomics,
12aaa,
questioner2233,
JobsHelperBot,
LewisPuller,
IDontKnowHow2Save,
DietOysterCrackers,
SilentSenu,
RachGurns,sighted and wondering
IAskLotsaQuestions,
cvthvrticbvrebxne,
rodrigogua88,
letsgoiowa,
softawre,
nekozuki,
untouchedURL,
VantaBirb,
GMMALIK470,
oxfordphdstudent,
jfm2143,
Ol_Pappers,
KatVi13,
Inner_Vision_Film,
mee14x,
AccentDude,
NYCMusicalMarathon,
yu-sir,
robthatbooty,
Natalataliee,
wcsurgeon,
scobot,
klencopic,
Bebookled,
justme753,Educator
RPgradstudent,
Imdarkj,
__The_Coder__,
greta2468,
HASaudioDx,
kariml15,
OpAmpMasterz,
C0tt,
HCIdGRAD,
lgommans,
fuckepilepsy,
retardedreptiles,
RockytheScout,
nomadbynature120,
Tysciha,
pecanpiez,
bu33y0808,
KittenKabootle23,
Jherden,
Hannover92,
BlindlyMadeVideos,
ameliajkeller,
RobotOfFleshAndBlood,
officerbiggles,
spainy44,
traszka123,
Umikaloo,
casschips,
franzi8513,
TheThornZ,
Wrongaucho,
DarkPhoenix369,
somnium36,
almaclea,
macbrazel,
ButtholeSamurai,
potpourris,
needvitD,
InMooseWeTrust,
HCN_Mist,
porcelainpudding,
kornerstrolley,
buyhomeblinds,
Typical_ASU_Student,
HidayaMalkia,
hillpts,
JustShortOfSane,
RV194,
Relevant_Monstrosity,
teefour,
dzzydom,
r4psho,
domstyle,
Sommiel,
lopsiness,
aes4275,
SallyTheSperm,
serinang0800,
colorshow,TVI/COMS grad student
FF7_Expert,
rumster,Works with the Blind
razveck,
ggAlex,
DasBarenJager,
Southpaw5000,Totally blind. Roadside bomb to the face
UNTLudi,
SvMagus,
feelingc,
rendelow,
intimatebadthoughts,
intrepidia,
paulrussell,
wadss,
MJBTV,
HardworkingCat,
Nanneriffic,
Karlb21,
coffeeandcokee,
psychgamer2014,ROP / RLF /Legally Blind
honkshus,
PhotoJim99,Friend of 2 retinoblastoma victims
danieldb3,
selling-seashells,
mrnathanrd,
RedPlanit,
devinprater,
pepijndevos,
mayaseye,
cutecat004,
bradley22,ROP / RLF
VeggieRedneck,
Taliel,
Pau_Zotoh_Zhaan,
CleverlyHiddenJavert,
S-h-r-e-d-d-e-r,
LegionCube,
annummedia,
munchhie,
RedNi12,
StrifeDarko,
PM_Me_Your_Fav_Books,
meowmixmotherfucker,
johannL,
jalbertbowden,
FantasticWhit84,
david34555,
clairefrancis,
lifehacker25,
CinnamonDonkey,
larry_sad,
rockskip,
IGuessIllBeAnonymous,Curious
leitzankatan,
bloodbank5,
annthaknee,
galaxy_rotation,
EvilNinjaApe,
demonachizer,
Renato_Lopes,
ice_fi,
Kaerhis,
GunnerMcGrath,
bitstrip,
pitabutter,
MisschiefManaged,
Connor_mcb,
jdn0023,
lizzyb187,
lightyearr,
estj136,blind conservative go-getter
Sun_Brethren,
Bzahh,
breathingcarbon,
istara,
carabelli14,
ByJacobDemmitt,
peterpixel,
GhostalMedia,
Darthkeeper,
pxlgirl,legally blind | designer
fireborn1472,
Unthinkster,
curious_topaz,
artStudent310,
icouldbeu,
lightwithglow,
GameAccessibilityRik,
fake_eyes,
Amazon_Smile,
-oO0Oo-,
doreato,
jra2015,
LiadanCroft,
PricelessBull,
DrAbdulKalam,
BrillboBagkings,
Phunny_Stuph,
GertieTheDinosaur,
WeirdMathsGuy,
chengg,
QuoteMe-Bot,
PM_ME_UR_FLOWERS,
flockaseagullz,
drdrapes1,
keepthemomentum,
ChairFace769,
Twebty,
guitararvin,
Mosori,cause / degree / duration [edit]
CosmicBunny97,
FEERtheGame,
Anenome5,
Thad-Jarvis,
whitewolf2759,
nonsense_factory,
ElectricRealms,
Ramildo,
ChristoCritter,
Arkha47,
kellmachine,
laconicflow,
d_oir,
johndavid101,
coffeeorigami,
chubbsatwork,
honberiz,
ObsidianWaltz,
FreshEelJam,
authenticTHREE,
georgewiese49,
Momosot,
garrypig,
accessresource,
VGFierte,
TrickTwist,
CaseyBurkhardt,
KnightWhoSaysNi1,
Kinkzoz,
Puppies_or_Science,
naughtyB3ars,
GloryHoleVampire,
_Spherical_Cow_,
newwillorder,
the_throwaway_banana,
ThatOneBlindGuy,
MonkeyGamingFSB,
SFM_CF,
Tuxedo-T-Shirt,
Chaosbuggy,
Aida_Hwedo,
remcuahuyanh,
BSUDiss,
pikaneo,
polannex,
Atyx_,
bboy02701,
doodleydee,
chronop,
symsym1,
cardinal29,
Gandhi-Chan,
H0use0fpwncakes,
X1Z2,
SchmittFace,
Monkespank,
Falcon500,
PupForge,
asetniop,
TobsENG,
FitAirline1,
turnoffable,
Jasonhollis,
LeakySkylight,
daloosecannon,
mathis_99,
youwantmetoeatawhat,
delha4,
kokopellin,
Lamesaucepangea,
MutantToenail,
superblindtbh,
DonutsAtDawn,
JonathanBracket,
vifather,
ontoblinds123,
octupus8,
periculant,
LittleLauraKaye,
myTrueSound,
jrs12,Sighted, TVI/O&M Instructor
wbbarth,
KarebearMom,
themadnun,
misfitreindeer,
DjTonyBash,
DeputyDomeshot,
lewko,
bananas-n-pajamas,
SicilSlovak,
MaybeSuicidalRaptor,
malikanon,
DragonJohn1724,
Steve_grn,
zebean127,
mherrane,
metapneustic,
beardol,
crabcakes110,
Jshrad,
StupidQuestionBot,
jjackdaw,
TomsCurtainCleanin,
Helpmephone,
arthurpaliden,
JackWallner2,
kingwaller99,
kentstreet1213,
HannahRAWRR,albinism / legally blind / birth 
Prefect316,Glaucoma
kwertyuiop,
itsme2417,
CabbRed,
cheerioh,
Synaps4,
EthinicPlatypus,
videoofcourse,
l7synth,
monkeybananafinn,
Puba1228,
RyanClarke22,
TurtleKnife,
garythevisionary,
machniom,
yea_tht_dnt_go_there,
grltnkgood,
mikemclovin,
boldbird99,
blind_devotion08,Retinitis Pigmentosa / Legally Blind
zmarkan,
imagine_magic,
Mae_Cortezano,
peterabbit456,
ACJDunny,
kuritsz,
Lasivian,
TheBlindBookLover,
CarpeCol,
BamboozleVictim,
LLLresearch,
genericblindman,
Corm,
blindsandshutters,
So_Motarded,
dal301,
frankthegoat,
PTruscott,
gi097,
Torquemahda,
BustiestAmazon,
coolestnameavailable,
scootersbricks,
Wf2968,
Blachly,Hopeful eventual GDMI
visionscience,
VivekAWC,
ILikePokemonGo101,friend [distant friend]
weitersagen,
scykei,
Broken_seeker,
alotabot,
interiorlittlevenice,
gazpachocaliente,
DanKolar62,
tinneydu,
ErtaySh,
DizMizzer,
MAGAY-2020,
Ruscion,
mirhagk,
LeviathanStarShip,
LordLuceus,Born Blind
NukeWithG,
DrHugh,
FiverNZen,Bilateral Retinoblastoma/ total/ Since 2 Y/O
bicyclingfool,
dwaxe,
lukedanielsparks,
DatArabGuy,
Lp86dolphin,
bexxar,
tattooedducky,
ThisIsMyBlindAccount,
slothmothone,
not_a_lizard-person,
Epic_Cheese135,
TweetsInCommentsBot,
derrekjthompson,
xoites,
lepton,
Extinction56,
DancinBaby,
SmithsBlinds,
furiouslydreaming,
shasha_neequa,sighted friend
Metal_heat,
quanin,Glaucoma
Bhoot1234567890,
iOS_fangirl,
andrewvanzyl,
yang_son,
einsneun91,
BlindPrincess01,
Brumbycompass,
Blindweaponsfumbler,
roguetroll,
kmorg80,
ColonelMiltonBlows,
NeedingVsGetting,Daughter of Retinitis Pigmentosa Mom
macncheeseballz,
LeftAl,
Lust4Me,son has RP
Uncaffeinated,
13megatron13,
TwistedSoup,
BobTheTurtle91,
danie911,
little_red_wolf,
sieffy,
alfrescoblinds123,
microic,
aberrante,
turdBouillon,
FarkasNemet,
sunnyblind,
CleverestPony70,
dat-boiii,
Cranky_Kong,
Itsmepeaches,
Dowhile93,
dopamineheights,
CallMeBoo,
WellThatsRich,
gallagher123123,
RodionGork,
AudioShow,
Lilith-M,
ConcentrationIsland,
Murdvac,
NobelMike,
TopazDildo,
Amonwilde,
Atotallyrandomname,
kimthegreen,
LizardIsLove,
YorDnilb,
majorthomasina,
AnEnchantingMelody,
Attocas,friend of LHON-patient
kingoftheapes,
generalsunshine,
pricerightblind,
BlindMan94,
ravenmxc,
PixieStixAddict,
tinozn,
cfish1024,
TimeForPoolParty,
CDimmitt,
NNGNNG,
softburrito,
Avistew,
patrickwonders,
kingdylvn,
museoftheday,Aniridia
JuJutsukaTim,
userNr2,
Simpsoth1775,
Snarkiez,
hi_alpha,
irish_coxswain,friend
CharlieMatt,
robw1978,
CessiNihilli,
mofurnishings,
julian88888888,
stripeycat80,
cnote306,
winterisforhome,
Lucasbrigep,
abeth78,sighted mother (ROP child)
Josh-Medl,
anowlcalledjosh,
help_my_cousin1111,
zoump187,
poffin,
kennywk,
Throwawaytumc261,
xamax_tha_impaler,
Tarolinh22,
LTJ4,
dalebewan,
adfghskld,
simpygoose,my eyes were shot out in brazillian gang warfare
EvaAndersen,
Bot_Metric,
CynicalDropper,
actinwonderland,
GreekWizard,
windowanswers,
windsorblinds,
Panncat,
sassasourous245,
alterego1104,
morecoffeepls,
HiramMcknoxt,
AceOfBases,
blindjo,
Plasmididdlydoo,
sewingself,
stupidpoopoohead,Mother of a Blind Child
clampie,
AndySaturn,
yksugi,
OvidPerl,
IllustriousBeginning,
Artifex75,
Goatburgler,
HRBP,
Bobby_Clementine,
ilmale,
LawBot2016,
FenerX,
Fange_Strellow,
salgat,
PhenixFire,
TheShartMaster,
GtaHov,
venom20078,
lostforeverisme,
trippyellipses,
skiman224,
Kaoulombre,
Epsilon68,Boyfriend
DSW2496,
R1ckx,
BadgersDen,
skeptic_narcoleptic,
74paddycakes,
THX138,
penguin_rider222,
hpfan2342,
Dopejerker,
KN1V32,
fejervarya,
51ohm,
LRFHEC,
getTrickshotted,
jouleheretolearn,
wooden-blinds,
Infogal,
PickerLeech,
enjoyoutdoors,
JustMeBeingHonest,
BlackCatTiramisu,
MagiciansInc,
SpiderScooby,
GnarlyJr,
TfsQuack,
timmmmmmmmmmmm,
Eisah,
creepu87,
tropber805900,
funkykingston223,
fantompiper,nobody knows / moderate / all my life
jtkeith,
gelema5,sighted
Bunky05,
YanskaNY,
Human-Chickenpede,
lue42,
GuardingGuards,
obs3ssive,
ScoobsFXT,
buckeyes4me,
tbtsecuritydoors,
sumant28,
EightyTimes,
disgustipatedopiate,
DreamExplorer90,
shahkhan1230,
FredLocal,
autowikibot,
FrankenGretchen,
FontenotA,
dustball,
cjasonac,
No_Rolf_Noo,
sheasadorable,
BunnyOppai,
MadCervantes,
0x59d,
Carnith,Sighted,Teacher/Aide
El_Tigre_818,
StellarVisions,
notakarmagun,
Brothdw,Glaucoma / visually impaired / born to be free
Shepherd24,
Changoleo,
citylightsapp,
smremde,
Tawanda87,
pondercp,
smileissweet39,
professional_name_,
Captain_Sodastream,
sonofabutch,
designeduser,
Silverseren,
Biolates,Partially Sighted
pileofboxes,
Schiz1717,
unprocessedfishstick,
BlueIze,
blind_duck,
Blindgenetics,
mrkamikaze5,
Keeeeeiran,
JHoward777,
Immediate_Pineapple,
RS232_Killer,
_J_J_,
BerkeleyBowlOfficial,
milesahea,
Crazynutella,
CaptnSisko,
bitcornonthecob,
jfinewax,
ravenshadow2013,
brass444,
Logruuf_The_Meta,
Thenewgirl98,
dristan03,
pjmcfunnybunny,
mrg3rry,
cubberoo22,
notthatkindadoctor,
yungblud03,
Tainlorr,
FitzBastard42,
ArtisticProgrammer,
dlerb4,
buffalocompton,
oncenightvaler,
Knight_Knave,
kartoffelfilms,
Kukis13,
LeSpatula,
justrollerblinds,
thetj87,
sstumbles,
pdiddle18,
ShinyTile,
Viola98,
today-is-the-future,
I_HVIII_Slow_People,
PolariChat,
xxlionhandxx,
kyang6,
Able_Me,sighted engineer,Sighted Engineer
joeflux,
WeSaidMeh,
blindndangerous,ROP / RLF
OzCello,
tux_greyhat,
PopeBenedictThe16th,Sighted
Raf_AL,
WhiteMarauder,
blindma,
ShellieLewis,
LizzardOnAChair,ROP / RLF
alishainc,
BlindGuyNW,
meeowth,
LUCKYNOLUCK,
notriddle,
hellangel100,
IHaveAFunnyName,
ushersfighter,
Stephen_Falken,404 Flair not found
Axeous,
Yoshi_The_Dino,
m0pman,
markseeg1980,
ghostm42,
Fallenleader,
arbivark,
Quintink,
mikedoise,
ckrin,
MeTheENFP,
CatchTheseWords,
No-1HoloLensFan,
MedientechnikerBA,
Celarcade,
itsamandapell,
peshe528,
horsemanhip,
Pendin,
Hector247s,
VerbosePineMarten,
sif_the_pup,
selwwlrj,
bpickleb,
droomangroup,
AnnieWon,
losingfocus2017,Glaucoma
bip_2016,
SpiderKitt303,
gayvoter97,
kebmoslice,
_Juvenile,
reddit-aloud,
windowblindcompany,
Adium,
xenogensis,
Thesisitpansit,
MicronBull,
Pajamasofwrath,
Brobinson2002,
JMinNC,O&M / VRT Student
yueaifeng,
themoop78,
pjcurtains,
Insulting_Insults,
lancairns,
codeofdusk,
TheVillianusCrustian,
Zitrax_,
Skylinerr,
noyno,
affirmedatheist,
dracopi,
baboli12,
ihateavg,
_Flier_,
AllHarlowsEve,Low Partial since 2013 from brain farts
BushDidSixtyNine11,
JPorcupine,
Vaelian,
Sophitron,
serrebi,
PatPatTheMarauder,
joshua17177171,
Acts_Like_A_Cunt,
acutesine,
jpow88,
Lin0ge,
rollepolley,
Emmash,
TydeQuake,
ajadoccio,disability services worker,Assistive Technology Worker & Ally
Myntrith,
SpinCycleTwice,
Fuccaneer,
RickyShade,
LordMochi,
browneye54,
chlobear92,
CyberianCitizen,
toastwinchester,
nonesjones,
Arinvar,
LUCKY12910,
haggiskiwi,
gettoff23,
lordypants,
ian356094,
SaintOdhran,
Isssittheendtonight,
sangamithraa,
warrioremu,
Tuskanini91,
moocow1452,
DemonEggy,
Knomeski,
markbyio56,
stingray_1122,
whileonecode,ROP / RLF
floppybad,
The-idiots114,
eileenguan,
Hydropos,
magnumcaeli,
Capital_R_and_U_Bot,
liv_yur_life,
oddphilosophy,
Smokeandmirrorshere,
Elliotblogun,
BananaFactBot,
OriginalPostSearcher,
quicksilver222,
bmbenger,
Gotluv1,
blindspippas,
clevername-here,
lazy_state_worker,
arscanyi,
I_will_draw_boobs,
BaginaJon,
SheSaysCiao,
WinterIsExaggerated,
letsreadacct,
TacticalAvocado222,
C1an0t,
misscasanova666,
littlelaw10,
dashestodashes,congenital cataract, glaucoma
aliengerm1,
coolfurrcats,
blahmaster000,
Jwojwojwojwo,
yashin999,
Eliazzzzz,
aecaps,
walling,
fckurgod,
ThePremeFan04,
discomonsoon2,
Previous_Dragonfruit,
FriendshipCube,
braillebooks1112,
ArcanaNoir,
xDevon,
derreddit,
MandadnaM,
EffYourUpvotes,
bhmode,The Blind Hour Podcast
Mr_Coolgamerr7,
Magaun_Ra,
ayoh-river,
suchatravesty,
brimstone_tea,
Red9inch,
thatdudedaniel,
Naturaldisaster1992,
bruno655321,
shawnstasiuk,
hiawatha2,
Privacy__Account,
quasiton,
ColloquialSound,
dumbledorable-,
ImACreep___,
155andrew,
a_zebra,
buovjaga,
Shazzabizarre,
angelcake,
illogicallyinsane,
imau91,
skizmo,
NDragneel,
Tuhawaiki,
moonpegasus19,
mlo24210,
Rosllyn,
KrustyCheerio,
Sight404,
first4blinds,
jashmil,
jogajaja,Sighted- TVI
yeswesodacan,Albinism/Low Vision
jxj24,
sagaraliasjackie,
Lukimus_Prime,
Thehellwolf,
teknik909,
silveryfeather208,
ThaliaAlice,
ilovespaceack,
KT_T,
Howimetyourmumma,
powerchicken,
WhimsicalCat,
MsDrMedic,
Orinks,
zizabiz,
specialchildrenart,
TheGspotIhaveFound,
Logarek,
21a7c4ec-5dab-4617-9,
snow671,STGD
lookingforoctopus,
changeneverhappens,
metastaticaesthetic,
blindambition-,RP
NaanShred,
ShittyGrammar-Nazi,
efarber8,
AlliTurna,
Annndroid,
hjf2017,
BlatantConservative,
kayep_,
af1120,
reidjdavenport,
DontFeelLikeFlossing,
alphavision_kean,
ritzeng,
LambSausM8,
princesspooball,
girlreloaded,
satmandu,
becktenbrook,
wirbul,
BarrelofNerds,Researcher (adapted physical activity/blind sport)
stereomatch,
HashStash,
Confucius-Bot,
GkBlinds,
snowgimp,
soicanpostit,
LegoCamel6,
BitterDoGooder,
Hallidyne,
wynstanau,
TKDbeast,
AshLust,
travelbymap,
GrapheelTeam,
djdogjuam2,
MeghnaVi,
gbrlshr,
innovativejay143,
Draspur,
aislinnanne,
jmc311,
imerciv,
Madmabes,
so_i_happened,
bbpfilmster,
Every1GetInHere,
JustDL07,
truworth-wellness,
OutWestTexas,
retroviseur,
brizzyy,
FarEssay,
Alumashka,
ThePictureDescribot,
Viasolus,
Dougie777,
onelegallyblindmouse,
GrammerPants,
floopone,
VisuallyImpairedIT,
meeow_me,
SeptemberJoy,
touchmybutt420,
Britboy55,
NicheGirl,
windowblinds123,
saavitech,
Tamisea,
ALWAYS_TELLING_LIES,
johngreenink,
gimec,
emwells,
claymoreccclx,
Wajahat_Ali,
Gregory2,
xXcaninegamerXx,
walter10h,
ScotchoCinco,
EffrumScufflegrit,
KellyCobate,
MakihikiMalahini-who,
Pyrooster,
LifeinParalysis,
FromHereToEterniti,
DropNote,
shayonablinds,
mr_perfect1,
DanniSmile,
WantingADogHouse,
Coocat86,
atheistboner,
Students4Surveys,
inquisitivebear89,
flathead_fisher,
47356835683568,
Ianaction4blind,
john1357decker,
TIREddit,
RyanMeehan837,
centuryoffakers,
i_walk_into_things,
ibimacguru,
zirophyz,
AccessibilityURC,
joelparis7,
penguin705,
Prexmorat,
BionicRoo,
Dounutsauce,
ScottSaw,
anthony7245,
detritaldistricts,
BrockLobster9,
ThrowAway233223,
reddit-to-speech,
randus12,
vlahos,
phinor,
SilentLeader,
Zombie-Hamster,
AllegedSpartan,stroke / legally blind / 4 weeks 
Rustyvulva,
indent,
tshannon0,
TannerEvil,
jloukiss,
kingOfallKingss,
robot_ankles,
rainbowroad09,
pricklypete,
sathishseo8,
Upsilontzet,
lknop,
brokenbutbeatiful,
myhairywookie,
Britaniaj21,
Atticuswe,
webgurl83,
PLUTO_PLANETA_EST,
Rozina_Issani,
borisstephens,
Squatdiddly,
Plutotalks,
The-bluuuuuuest,
Eheaubaut,
Blindpete,
i-make-robots,
geeksnewslab,
foxytit,
BrapYeah,
ohlookawall,Friend, Tour Guide
NotLegendary,
Screen_My_Peen,
EatAllTheWaffles,
Blankman87,
wabasedrr,
SwimmingNaked,
ladies_code,
CyberKama,
CigarTime,
Monoxer,
KawaiiAmumu,
chemicalyouth,
pants_party,
cae_jones,
Pooj92,
LucySierraCircuits,
AlovesT,
Tmacd1,
typicallydownvoted,Sighted Spouse
SandyQuilter,
iwillcontribute,
Namrakk,
soundaryab12,
SoManyShades,
Randoran1,
clickmyface,
sundewgrower,
TsunamiParticle,
bug8604,
Suraido,
Type_ya_name_here,
designprojectblind,
zzy32ds,
davidtrim036,
kirktotes,
mrinfo,
AUCAS,
ConceptualBedtime,
hughej67,
the_blackcloud,
Nala_Bear,
GordoTEK,
navleenjohal,
emmilop,
amehty,
walriflyby,
StaleTheBread,
Gangliest,
thisjannnnuary,
Fendisaoming,
bydy2,Strong glasses
KongEdvard,
MileageAddict,
qagir,
DigitalWhimsy,
peterkortvel,
Sullivanthehedgehog,
Scootoocs,ROP / low vision / since birth
queeraspie,
jr2thdoc,
bscross32,
NotDido,
rdmhat,
jelly_bean_twist,
Leoequalweb,
tetrapharmakos_,
Gudahtt,
HotCheetosHoe,
love2bake88,
lalalaladididi,
SFFChat,
herpderpherpderp,
ghms,
Soperos,
mags0528,
multi-instrumental,
TheGeorge,
seege12,
Spanky2k,
jawad2001,
Luckycreeper,
mermaidinamerica,
razzretina,
MrFiregem,
jvkohler,
just_a_cactus,
Kevin_M_,
frecklebear,
chaotic_david,
iLarsNL,
angeleyes112,Glaucoma
c_seeds,
Sunny-Blind,
datthepirate,
seanubc,
newlyblind,
sniperrbbeck,
onizaru,
safeTell,
SpasticGinger,
WaterFallWonderWall,
bennetfoxy,
TeeteeC,
Retspihi,
djgizmo,
TXblindman,
vintagedino,
communityminded,
essexblinds4u,
Erinmore,
FestivalofConfusion,
faddishw0rm,
wildflowersgrow,
ScottD63,
sneakpeekbot,
ariana_g_tobin,
Scalln20,
IK906,
baddict002,
Link_Demobilizer,
zombiegamer723,
aam22,
AkivaAvraham,
202206north,
KanoOnAPhone,
DoctorYak,
tj_the_blind_gamer,
alexgdeeley,
__saj,
uberRegenbogen,
darlin133,
Mighty6Tighty6Whitey,
CurtainCreations,
Jayb0b,
ewokimpi,
belindalein,
tisasituation,
6daystodie,
DarkerBit,
Feuerwald,
eQUIV,
BlindeyMcGee,
Thug4Life69,
NationalBraillePress,verified organization
battez,
Axtem,
CrizbbyJr,
Wat_de_Jeugd_denkt,
real_plebeian,friend / family / other [edit]
eliptica24,
Leon_noco1,
Zgirl19,
Varrie,
vwlsmssng,friend / family / other
ReallyEpicFail,
Cattia117,
Aaron70Percent,
Jassinamir,
purple_nightowl,
ChupacabraGatherer,
tvix_go,
Jack-_-,
Cat-Mama11,
TonytehGreat,
jimmycarr1,
QuaverRest,
BlueFamily,
emiciorea,
masthews,
BeaverQuill,
brewinreview,
siodi1234,
appleskittles,
sweepsmcb,
crimsonsoccer55210,
VengaFrinshets,
klausraven,
Bonerneeds,
HelperBot_,
k00l_m00se,Visual Snow/ Legally Blind / 1 year, permanently,Legally blind, impending total
redphilly100,
InsinkHERator,
VicDumb,
blindguy55,
ilija28,
coffee4jesus16,
scanthony,
MailBlade,
King_of_the_Dot,
MadtownLems,
Curtainideas,
large_oxen,
PatMiGroin,
rollwithhoney,
bebarce,
carpe_diem1977,
GigaTune,
ownurlife,
whatsonmymindgrapes,
FloopingtonsGhost,
thatsnotgneiss,Chronic Bilateral Iridiocyclitis/low vision
FimbrethilTheEntwife,
JohnKimble111,
jayxthexhuman,
Vimalansaysola15,
rishabmeh3,
FlickType,
JEEVAN175,
SexyYandereQueen,
f8lrebel,
ThoughtCoCom,
TulioCM,
bigeseka,
schotastic,
jessie15273,Sighted Girlfriend
Kapitalist_Pigdog,
1ird,
damnbitchisretarded,
parapa00,
Blindsight1121,
Sausalito94965,Low Vision
ThisCatMightCheerYou,
gregvan93,
reachexceedgrasp,
lightsrage52211,
BlindParent,
iheartbaconsalt,
Lookingforgamz,
886weifuren,
wnolan1992,
74bpa,
eire1228,
0mgitsrachel,
chameleonnaire,
doggobotlovesyou,
pntsrgd,
Camren52908,
Slatters-AU,ROP / RLF
toccobrator,
lyssargh,
asking_for_my_dad,
Opticthroway,
Akujinnoninjin,
silverfocus,
ZippyTWP,
FiloRen,
Polskihammer,
Grassnicad29,
NLTDVT,
Fuzzybo,
NekoHaruko,
D13Z37CHLA,
avrilcusack,
BlueDeadBear32,
modernshades,
sunxiaohu,
WhatWouldVaderDo,
Xsythe,
310BrownGuy,
Mercury-7,
JCFinn,
stertyy,
wsbull_35,
colonyazb05,
snezima23,
DeathsEyes,
stop_being_ugly,neurosarcoidosis / 2015 [edit]
Dumb0000000,
affilitebd,
Abba-64,
Spifffyy,
gcarder123,
techstress,
lukebestbrats,
myhomeblinds,
mahurtadoz,
jenOHside,
wonderifit,
GuineaFowlItch,
dragon_kitte,
Blindmouseottawa,
EpicPiDude,
zombie343,
nav_researcher,
LegendOfBobbyTables,
Ko-in,
fat-_-lip,
nyxnars,
Lolstop,
Thenre,
jbaker232,
NeurobiologicalHug,
AFlyingGoat,
ChokeDownDatPill,
Gabbimonkey,
Researchmanguysir,
oldusedbooksmell,
rkingett,
ionicguy,
winterphase,
aleeque,
beckydr123,
SideshowKaz,
MatthanLewis,Aniridia, Nystagmus
braillemom,
philosophyduck,
beadaholic94,
Dunild,
coirproducts000,
Boi_Bach,
CorazonFicherakr5929,
ClumsyVampire,
Undercoverwd,
nivasshende,
ithasfourtoes,
Boredmatt14,
kroro7,
coolbreeze1990,
CactusJacksonFive,
usualninja,
Shanurai,
taepras,
digitori,
zoanthropykitty,
NorthKoreanDictator_,
nihaokitty,
Drebin1349,
CypressBreeze,
Dengster,
dl445,
Orswald16,
jdiditok,
pea_knee,
northcoastblinds,
melgarologist,Sighted tutor
weisblattsnut,
ItsAWrapParty,
Tigger-Rex,
californea_for_trump,
Saan,
Andreij5,
ReptilianTuring,
leed02,
Grindcrush,
mvictoras,
TheSonOfWAY,
Tensoon_the_kandra,LCA
alex_bbcrd,
jevuschrist,
wheresmyglasses12,
The_Paul_Alves,
Leonidizzil,
h0neycunt,
FatFingerHelperBot,
SweetChild0Mine,
tyler_fitz,
BARDLover,LCA
cashlo,
Beardgardens,
Lionbeezy,
KrolPolski,
fegnalswake,
stelladawson5,
Sayed_Ananda,
MITvisiondevice,
mammoth_venom,
einarpetersen,
Unknow0059,
thewolflord,
t_west_,
CuteHalfling,
Lucias12,
Lila92,
MuftiMuffin,
Stonedgeordie,filthy nigger
junkun,
HotButteredGopher,
verdantx,
lbtm,
offendedkitten,
kvak,
clorpt,
AuricularArts,
langras,
Super-WeinyHutJunioR,
itisisidneyfeldman,
chicklitter,sighted spouse
toomuchweightloss,
thisguyhasaname,
offensieve,
symphonyintea,
DreamingTheMelody,
Whirrrledpeas,
robexib,
willhangai,
getthefacts,mom of VI toddler
TimothyGonzalez,
hbbanana,
doorbell87,
Hawk1099,
albaniax,
lunawazlib,
aMuslimPerson,
chickenchop2,
Novxz,
13chaggit,
AnimeKid,
bonsai_mountain,
goth69,
Blakeeyo,
dmuzzin,
SilentStarryNight,
War-WarNeverChanges,
KittyButty,
thisismajortom_,
possiblyindanger,
Evio,
wtfgiraffe18,
AmaraBS,
rg85,
iDoNotKnowThis,
Unuhi,
Ouaouaron,
Jnendy,
Dr-Ferdifer,
Nibiria,
ghost_mode1,
IMurderPotatoes,
iwannabanana,
_WeAreTheLuckyOnes_,
babyf88,
antdude,
chanberrysauce,
deadlyhausfrau,
anathelia,
winocracker,
BeardedJerry,
superlucario603,
artsyfartsy-fosho,
Verinio,
spicklesandwich,
JustAnotherLemonTree,
cookieghost,
WikiTextBot,
delveccio,
TrollstonChew,
shadowmarja1976,
vistafashions,
kobillabong,
RaziAwan1989,
son_of_szyslak,
sadfactory,
big_smart_ass,
Popary,
vincent1962,
buymetwodrinks,
mark5bald,
bublinkajka,
Katatoniczka,
Dr_Omnicient,
thatblindseeress,
abee78,
Kaneshe,
orbitalsideburns2014,
PeaceLoveAtheism,
TIPO-Matthijs,
awashinima,
Jibjablab,
Blindman2k17,
GoBlindOrGoHome,Cone rod dystrophy
SuperSizedFri,
64diamonds,
The_Miracle_Berry,
Das_ENGINER,
imawinter59,
PMS_YOU_NICE_THINGS,
paulvonslagle,
sailwithgrace,
persio809,
AccessibleTech,
awingsmelbourne,
keepingthecommontone,
flameborn,
Count_Your_Macros,
arthursbeardbone,
baileysblind,
MrGreenbird,
Drunken_Idaho,
thinkingmansidiot,
touch3of3faith,
ataulm,
normorel,
XanderLeaDaren,
BakedPecans,
BlankVerse,
deafblindgirluk,
Togna-Bologna,
UncleWinstomder,
oxid22,
pintomare11,
everynameistaken000,
GottaGetToIt,
drflanigan,
Ziji7787,
mypickme,
lerssikopteri,
lHawkeye16l,
BreakingBlind,
Sgt_McCuddles,
kindamanic,
THP38111,
bishplss,
ExplosivePlastics,
rebane2001,
Korydween,
potatosword,
drphilia,
_undermiss,
AlterSid,
boatypoops,
fishinforanswers,
onebnikl,
mnemonikos82,
eager2beaver,
DeepakBist567,
Laser_Lens_4,
mellymel1713,
OakFace,
Aumanidol,
Allycat86,Totally blind.
_an_actual_bag_,
felaridi,
enzoraphael,
JacquelineBurke,
The_awesome_dog_2008,
malospam,
--CAT--,
silamtao,
paperhat,
Rickard0,
ToffePear,
danshumway,
nomorechocolatebars,
sealinest,
Hjax,
TherealGoldenGirl,
dralios,
onlineblindsltd,
ohheckdude,
crazykiwi,
when_darkness_falls,
Saucy_Apples,
seperath,
bombjamas,
SwedishViking35,
ExtraAwesomeUserName,
tippermipp,
mahakart,
damnyoubird,
crunchypuddle,
DontDropThSoap,
LucyBelle1031,
vip_uc,
boyfly,
Vicorin,
rddt1983,
ryanhoney,
iNi_iCa,
Not_Just_You,
doodoobrown530,
herewithoutdorinda,
trot-trot,
MauledByPorcupines,
Paradigm_shifting,
mysterymanOO7,
theimpossiblesong,
DuckTub,
Headphone-Actress,
lasmar,
MessyConfessor,Spouse
anusbby,
God-Macabre,RP & Short-Sightedness
spicyslug,
4BlindMice,
a11ynerd,
iSlashZ,
JeremyOxton,
BadIion,
MagicLauren,
lupadifeccia,
Thaumas,
roverrre,
Kamirose,Sighted, transcriber, family history of Glaucoma
dmndpl,
17Akra19,
singalong623,
lmperceptible,
sis-international,
Gysoran,
simpleman84,
lady_peace,
TheSammy58,
tonyDOLLA,
majinalchemy,
0neIjim,
ANCtoLV,
vr324235,
Well_you_see,
pokersnek,
bipolarshowlapgh,
MrUnisverse,
YellowPudding,
JackIsBackWithCrack,
CheekyBeard,
Dyshonest,
Microdissections,
cherry_vamp,
colbyhart,
Spanholz,
noisycat,
SundaiNext,
ladymunch,
haintirtil,
dyllpickled,totally blind
jolstad,
hswillis42,
blindthrowaway12,
duplaja,
woolentripod,
the_writing_girl,
zarefsandcars,
designstudent_,
fuffyballofanxiety,
jaldino,
ArchangelGregAbbott,
sarliaee,
BachePoro,
DannyABoi,
PetePrice69,
MissStone,
shaw511,
ktwounds,
pro-user,
Sophiejyhill,
sharp-string,
tiberiusdraig,
ooleyboo,
ItsReallyMeSid,
sivinjski,
nycefm,
cjdudley,
MrCylion,
GIVE_ME_MOD,
ChillWillIll,
i2mo,
Zillah135,
urethanerush,
snakeoil-huckster,
pixels625,
yummyfig,
PseudoscientificFox,
phenotype3d,
hotpiercedguy,
ezmereldah,
rbrumble,
fatuglyproud,
viroverix,
datums,
matzovsky2000,
dancingpianofairy,
ChopsMagee,
PrioritiesIntact,
emmak8,
joininfluck,Parents
Amstourist,
smellyshrimp,
AlrightyAphroditey,
Futuremlb,
tomato-basil-soup,
blackhansolo,
spider_lord,
etherealcalc,
propriobag,
Ghljthgmfiuo,
jemberling,
Tyrion_Hamster,
surjrnib,
JamesRath17,
NotADinossaur,
Duckie1080,Disability Rights attorney
Simons_Mith,
Je5s1ca,
copperinsights,
of-the-Shire,
Feelngroovy,
PirateHooker1278,
cl4ptp1,
Wafflez13,
Mel_Scott,retinitis pigmentosa,almost completely blind
tardis_brain,
GrizzledTheGrizzly,
bell0na,
drowellblinds,
hpaul,
env_001,
EVEYISMS,
I3mincontrol,
dealingkart,
Mr-Whitespace,
ilivetofly,
MasterSpectacleMaker,
claudettemonet,RP / Impending
silvasanchez,
ITSFROSTAY,
Itsthejoker,Sighted Friend - r/TranscribersOfReddit
uncoolcentral,
toasties,
obex_1_kenobex,
bruisedgreenapple,
DocCyane,
piratedel,
tirdbfoqcsx,
AGTC_,
MahaveerEyeHospital,
DOTS_RPG_Project,
moerker,
SeaTrekLaw,
messedfrombirth,
Jossip_,
onasafari,
Allons-ycupcake,
trougnouf,
braavobroski,
thejamiewilson,
morallyequivocal,
quirosmar,
LivingITLan,
CarlsVolta,
CountryBoysMakeDo,
MarsBars4Lyfe,
Traveler360,friend / family / other [edit]
research12,
OnlyHalfYellow,
TheGreatQ-Tip,
RadioEyeSurvey,
Ganon842,
homerq,
orionfrg,
silchi,
Thejiso,
Lord_Cornwallis_III,
SPACEANDNOISE,
12910LUCKY6676,
akdsl,
6double,
suzhouCN,
FeelsLikeForever,
775577,
HelpMeDevices,
bondchrisbond,
PicanteLight,
DarthCyrina,Nobody Knows / Left-fake, Right-very low vision
GanjaGeedo69,
finn141414,
BixxBender123,
modzer0,
FujuFruit,
Nevermynde,
awesomesie,
pitermach,
notdez,
HiddedNinja,
blindswithflair7,
Leyanyar,
themanje,
internetalterego,
MusicalBaboon,
I_HAVE_NO_DICK,
buzzsawbauds,
delgenn,
UncoSunbear,
jemaj,
Ninyor,
Guzarr,
SmallSubBot,
HardyLeon,
Realistic_Excitement,
78isthewhat,
Inksong,
Carnivorousbeaver,
FreakyCheeseMan,
KingSpoom,
ruah2u,
123zoeball,
irishspice,
audiogamer203,
lampbase1,
jennytwo,
impe83,
coryeyey,
punkischic,
JugglingWalnuts,
natodraht,
hfx99,
hitension,
NotGoing2Say,
Mythrowawayeye,
thinsoldier,
Self_Manifesto,
safetwosay,
SuperMelon013,
russellgaskamp,
SomTingWon,
mewple,
vasuss,
KudosInc,
iamliterallysatan,
lc906,
ideamonster,
Pure1magination,
Mister-SplashyPants,curious
dingus_mcginty,
fuwanyu,
kizperde,
strangehoney,
mike____,
epik_flip,
TXEMMAH,
Jcflanagan,
nanyangvb,
Williamvinar,
IfUnlikedEquipShirt,
traitorzhous,
etaveras19,
V_Epsilon,
antdp425,
dacdazzle,
sivakpseo1103,
PippiPiePie,
Nephilim83,
hobojen,
Warthil,
watchstreet,
ValarMorghulisBitch,
AwesomeFaic,
k4rp_nl,
DrumstickVT,
roygrubb,
danbellcasting818,
slightlyoffki,
Chrono69,
BlackHipsterSpecs,
pupkitchow,
Cephalie,
Gestalternative,
Saitamago,
Laughingthunder26,
kidnemo,
UmerHasIt,
canadianreddituser81,
Ushsna,
feetofire,
stormsong19,ROP / RLF
sock2014,
migalinatx,
Blonde_monster,
Papa_Khana,
wormnyc,
tastefulmanboob,
blinds_paul,
alinavishnyakova,
Sonnar_Interactive,
carcharhinus-leucas,
erikas3d,
Benjamincito,
BlackSession,
gring0242,
iblowstuffup123,
wagon125,
cosmogrrrrl,
Skateplatypus,
Asica,
radcan1,
[deleted],
tacos4thesoul,
Philo1927,
spikemcc,
Zwwq,
PlainSaltines,
domin007,
spifflett,
Coltonmicep,
Meat_On_My_Meat,
AreYouDeaf,
3838a38,
GreatSunJester,
Cralex-Kokiri,
jeffufuh,
noeyes15,
jcobmc,
iwannaholdyour-ham,
bird98,
gomezjulia,
homedoggieo,
newsreporter19,
CatsRAliens,
Noomiie,
newportblindsa,
eHealthNewsZA,
zuverza,
stug41,
Mordrimbor,
ZainCaster,
windowcoveringawc,
KhanMan15,
Commander_B0b,
AndAdapt,
imahappyspork,
catherinecc,
oh_no_aliens,
feistysalsa,
analcime,
binkkit,
echowoodsong,
artificialpoints,
Changeforgoody,
sporlakles,
Waff3le,
ThingsAreVeryBlurry,
mdisred2,
aaronfranke,I can see!
Scipat,
silverBullet200,
big_wee_hag,
wanna_run,
blakeparky,
KantArgueWithThat,
UltimateAtrophy,
gildenlenny,
Ocrasorm,
ENTJ351,Blind gogetter and high achiever
User01262016,
BetterThanBots,
The_Lone-Wanderer,
jmdugan,
lauren54,
DeleteriousEuphuism,
extra88,
geoffisblind,LCA (Low Vision),LCA
marianux,
HiImKevinBacon,
josi_s,
jazer_lazer,
ehb5643,
brainotomy,
SwedishNeatBalls,
sadbeanman,
jentothena,
CertifiedBlyndGuy,
Mariev85,
sophshine,
spooky_pudding,
Devonvn,
BlindGreenWidow2017,
blindman1r,
DaTar32,
PortgasDLuffy,just looking
Lurjino,
lightx_,
SeleneStar,
chicken_ear,
fachords,
DoJax,
audigex,
robot_t0,
outdoorblind4u,
seebeyond,
DarkerMorgul,
mallorypallory,
GrumpyOldMan_,
LazyAssRuffian,
natscat76,
whistleridge,
skp777,
Deklevad1234,
CrashGordon94,
DnBDeafNBlind,
youmarwane,
nathanv221,
coolcaelin123,
Kimax98,
enzwificritic,
RetepNiffirg,
Cancerbro,
furry_slippers,
autotldr,
EnterNameHere42,
Ace9542,
kaneelliot01,
konstantinua00,
Qqkazoo70,
RogueVector,
I_Do_Not_Use_Reddit,
daltontogreen,
geckolingus,
khirani,
MotherfuckinInfidel,
Shadopamine,
Zamyatin_Y,
1gsb8,
woofiegrrl,
TheJayBull,
rmorabia,
ReleaseThePressure,
okay-thislooksbad,
TekTekDude,
bob_mcbob,
riveravaldez,
Nocturnt,
thatsnotok564,
AfroMidnite,
youngthrillak,
tweettranscriberbot,
licensetolentil,
mike_gifford,
inorganicproduce,
shipmate8706,
8toomanyhotwings,
Prabhat_Sinha23,
NikolaKirev,
nypr13,
firestormy,
Jolosesit,
Galadiran,
pititnatole,
JJJLNN,
slifer227,
MarciousHD,
Kylexmajus,
lobbanisgod,
miltonblinds,
gumtac,
Harmoniously,
jage9,
BenRayfield,
kabellee,
poochbrah,
CreateBecomeArt,
DiegoARL38,
UniversalOrbit,
photonapps,
tartarsauce613,
popularalex,
LibraryGeek,
Trimlite,
BlindlyPlayingGames,
sandrathomas,
captain__spaulding,
aishel,
groovie_shroomsky,
cookiemanluvsu,
on_the_count_of_3,
agree-with-you,
Mlchallen,
beyondvision501c3,
blindnessandbees,
FloralKitten97,
youbbetchya,
folkfoxfi,
longingforlight,
honeycombblinds,
--------Link--------,
BandGS88,
frigatebrighid,
Felinomancy,
GrumpyFinn,autosomal congenital cataracts
bemindful,
sugashane100,
EnclaveHunter,
Throbbing_Smarton,
NoRoLa,
grendelt,
artyfartylegend,
Pescodar189,
tinywhitegirlxo,
thepictureradio,
aaryamansreddit,
RWDMARS,
Zach_of_Spades,
bobsmo,
TaargusTaargusTragg,
darktitans,
frantic_seabug,
lucifers_ukulele,
NIGGERSTELLINLIES,
jdbrew,
genosgrande,
johnathanjones1998,
battlecats44,
Alghaesia,
hoseherdown,
KulkulkanX,Retinopathy/legally blind/since 2014
thrakkerzog,
sn0freser,
ZoomaxTech,
jetemelie,
aneson,
ResolvableTessera,
ailorn,
Parseeorg,
420baker,
Nandflash,Broken eyeball disorder
freebird84,
Jaycantica,
anaraesh,
andytuba,
Brown_Vis_Prosthetic,
LesserCurculionoidea,
MHSean1,
jakerockland,
rbirchtree,
sjoehl,
curious_jane1,
GoogleUserResearch,
madmex89,
itsaname123456789,
bretellen,
maximumjanet,
Musketman12,
pizzaandrum,
wildfauna,
desdelgadillo,Glaucoma / Total/ birth
ShooTa666,
youbequiet,
NaziSlut69,
painwizard,
Antisocialbitch2,
voidcraftedgaming,Transcriber
aml686,
SmileAndLaughrica,
Nickslife89,
Behjamin,
bigblindmax,Legally blind / Puny optic nerves and shaky eyeballs.
snazzychica2812,sighted, training TVI/COMS,training TVI/COMS
jrshaul,
Quineg,
sdbjazz,
maniana012,
cynicaldotes,
Wysiwyg25,
Aerologist,
spookadook,
OfficialGFE,
frazras,
BleedingEarsMurphy,
Cherveny2,
sethwilsonUS,
DrJedd,
lilspacewizard,
pitykitty,
webbingindia0,
The_Skillerest,
fcarm12345,
m2pixie,
Fournote,
J_for_Jules,
knellerwashere,
shitloadofbooks,
FatalisT88,
kokokouzuki,
RockPaperAwesome,
dourk,
emajor7th,
Plot-Twist-Im-Carlos,
rockpapertiger,
nwbld,accessibility advocate
weables,
19202936339,
QuaffleKing,
just_keep_punching,
tacobowl8,
bayesian_horse,
kissitallgoodbye,Retinitis Pigmentosa
Miziziziz,
Buzz_Crackle,
silverhythm,
skybluegill,
Alunnite,
_RyTheGuy_,
iamreallycold,
bright_side1977,
Archimago132,
rousse101,
MP1286,
Look_a_dinosaur,
gfgffc,
bmmcginty,
slkfj08920,
TerranAxiom,
MohammadAlBanna,
DrakhmaDeveloper,
Bella-Lugosi,
purpledaisiess,
sufferer,Optic Nerve Hypoplasia (Low Vision)
CHM_3_9,
Yvonneishere,
Niconiki,
KeelHaul-Kovers,
BlindProphet0,
Kokoplayer,
bailerj,
semerge,
Tinasiig,
julea_d,
danielle-m,
Sanmari-95,
ImOnMarijuana,
SomeKeep,
HalloweenBen,
urdesign,
LUCYInterior,
Bluedimensional,
Valannor,
shelbear98cdc,
youtubefactsbot,
bondolo,Sighted Spouse
zoogly,
iDoomfistDVA,
Belongs_to_Snookums,
Mining_at_Work,
PlexResearch,
awsxdrfvgyhnjik,Deaf with worsening vision. Unknown cause
turdodine,
hljoorbrandr,
Kohndawgskomedy,
CircleOfTheBlindMice,
christophercopeland,
Aspel,
insert_pun_here____,
Stringrin,
dharmabird67,
RPsuckSoShitHappen,
Indeedsir,
AccessibleApps,
narfarnst,
FifiIsBored,
CortexVortex08,
Cupcakegirl02,
GoingInBlindPodcast,
BrailleNomad,Sighted- TVI/O&M
OMFPALM,
UnflinchingCube,
Sol_reddit,
igloolafayette,
Migmatite,Optic Neuropathy/7 years
thormejh,
nealch,
Sweet_Mama_Me,
Ravokar,
playwhaat,
Mush_R00mz,
carolineecouture,
PranavVersed,
Aaron80Percent,
FeelingCeiling,
thumbsdrivesmecrazy,
Bluu44,
sfrums,
lzilulu,
buymydebt,
Xoor,
Haguaip,
Earguy,
geodirtbag,
syncopest,
Somajames,
eyesign07,
redalastor,
soloride,
ittybittymomma,
citychimes,
