legalbowyang69,
crypticlegend,
djdunia24,
Nekibata,
PahulSingh,
pfrproject,
ammyagarwal,
andyroid03,
turzo333,
kumarnaik,
owaisjawed,
flume45,
thevibe_nado,
ahfreewso,
RicardoWanderlust,
payalbavsar,
yedincisenol,
Hiya_tiger,
llscoach,
vivadl,
sadik_ahmed,
sheakmeng,
SoftwareSell,
djchamike,
the-crack-games,
anechaz,
anasabbas900,
hzirh,
susheel01,
nexlevel,
Revantharukala,
protectandaccess,
jelasukses,
didyoubringyourgrog,
fernguts,
Zelot2256,
skizmo,
Shiftclick46,
fischermalene,
devaspora,
BEATGUTzz,
mixedsoft33,
Boy000,
ctgalamin,
qwxf12,
Zeus69Zeus,
tchatchoua,
isabelmadsara,
isayamakaveli,
glowa123,
nconico,
tall_kids,
KingEli1,
naviela,
jewelseinc,
StarLord008,
SavicN,
ValyouTheDastardly,
xjustpulse,
Gamw_to_spiti_mou_13,
killemup,
7obkk,
masud3,
AllyIsACookie,
zoober76,
GodzillaOfGamers,
DrSHREEVEERA,
tipsshare,
DistantWaves,
indiristannet,
thesamepatrick,
recursoseps,
geotazabi,
gunjam,
Tuplad,
viveik10,
ASSLOVER1995,
JayJh1993,
soheibtiba,
zkingleo2009,
snorkel0,
robidon300,
AniiHany,
gretify,
Awes300meness,
methodnk,
mruhulaminjr,
carson19chi,
sagoritisme,
speedwayz,
tmsumon,
BellaDecken,
olecobus,
seriessupremas,
devrimticaret1,
black01white,
khaled7753,
VirendarWarwal,
MyBBGrup,
devrimticaret71,
downwd,
jocerlanbb,
sahil500,
al_naieem,
bdshahab,
DownloadLinks,
HalfMileRide,
aoalves76,
uAlwaysWin,
alaba69,
weezer2011,
merugurakesh,
jennifernoyer,
lucasjmo,
zravo1,
FuoriSerieTV,
hotstat,
file-download,
jackyboy12,
rskkumbhar,
theQub3,
Wood19970111,
nguyenphuong989,
DannyHennesy,
jiten634,
jananadq,
TweetPoster,
jackderips,
mustafaadeeb,
alikanju,
me4300,
lastday2017,
mhmdmhmd,
luke732,
Invictushaxor,
JonathanWDominque,
elvaxiao86,
arindam4,
gnrsu,
Moriande,
fboccia,
sabakhan259,
d3mseo,
DynaDownload,
downdo,
ahmsheref,
Isaiasyoutuber,
makhdooms,
casylti,
hihuman,
tamal2021,
FileLoot,
pedroxam,
shantosdp,
god_western,
drawingstutor,
godwinted,
aPryu76,
sivanesan,
indirbir,
BVTheEpic,
SKSLink,
izam_cute,
MP3DDL,
habibullah885,
muftplanet,
Downloadz911,
malingaperera,
mrvirusmalware,
wikidown,
jamesmes654,
zeux211,
HDMonsrer,
therocky3,
afeyaja,
mantheru,
ripdad,
gladysconley,
wasco13,
millenia,
redditlover28,
kikirt88,
alexsndf,
babalicious,
ironhazee,
FreeTVFeeds,
harshal22,
banaia,
GraphicGaming88,
Shikutaki,
DeAwang1,
masonoconnor,
jits11,
r98se,
headbannger43,
Pinoy_Technologies,
SUPRIGANDU,
prostojames2014,
shofianwery,
jamalghota,
renu111,
1isabun,
Hurghada,
amitsurti,
edisugianto,
Sunnymoc,
SyraCreations,
dasolodownload,
RAPSI,
gwyap,
Bedroom31,
rider450,
prudhvic7,
masgatot,
bijan99,
veyisqt,
bloggerdinesh,
rakage,
denkom,
qadir2111,
nterziev,
mack122,
gloriamoreno332,
BackerMo,
erinknowles,
baudcael,
Deniededen,
sky103,
Silvanoxander,
angelinaa1215,
arief_ghofur,
muslimboy19714,
widewebpro,
gauravparmar14787,
rainbow1992,
9fiftyfive_,
thewalkingdeadforum,
franciscofilh,
steve1236,
OSMON,
ADMJderLord,
tonjok,
jeromeemmanuel,
theunrealz,
elciberpastor,
vlixstv,
cindyloves77,
navarroma289,
desktoptube,
amrderbala,
votex898,
Dedilakia,
buratcheng,
karodalnet,
1033_7252,
gim69,
MarieAdela,
techhunt7,
techtonets,
ganeshjio96,
alaamohamed2015,
mmrlimon,
shockshadow,
ariyan1995,
Meshiest,
ItsOtakuGamer,
vital7119,
alhemicar,
Anbuchaveriappa,
inghamket,
Qipeki,
rapidleechers,
Linx15,
DanaTreiber,
whandi,
rahimkhurrum14,
detra18,
sanmar201,
SwApYx,
akpinto,
passarosecantos,
Dyloneus,
indiristan,
s25a2018,
Tumuti101,
docchuks,
sh4k4,
Mujahid_Khan,
photoshopking,
haikal12345,
jkapoor,
maadoc_2014,
300mbworld,
can672,
Najmi1410,
Education-Strategies,
rucky98,
si_kayu,
Teknoman19,
Jrubio0021,
snowcat07,
qijianchuan,
sonusaus54,
amitselimi,
sunny990,
Albert16,
immf,
itsorange,
chrisliana,
cbsecured,
billwide,
TheKIHA,
KICKINGGAMES,
mdshowkat,
gaurang17,
akuhdiah,
napoleontuan89,
zipindir,
tounefr,
trymersianto,
Lekhaitam,
saifulrifai,
jemickblog,
sujoy247,
reecry,
josvanmeer,
dfg258,
JasminFlur,
TheTurkGamer,
macowa,
espn96,
MicaelaBrubaker,
viraljerks,
ppscslv,
perfet12,
murtazama5253,
Rafick,
gedeeinstein,
etahard,
isyankar458,
homeload,
freedownloads,
airbender03,
jasmeenjassi,
aksir325,
alanyang54,
fordnox,
amyoliver1,
osertok,
plastic-surgerygone,
septialdo,
cathylene,
linkinpui,
Rubylover23,
otai30,
julisandroni,
jimmyshub,
scriptaty,
kerabatsilver,
axafashionblog,
downtorrentsbr,
sofyansbc,
FullGamesZone,
outlandishscribble5,
Tomakeit,
ibarhia,
nram1234,
Mr_A,
SilverMachine,
redditroots,
dnmwnet,
[deleted],
darren07,
ilkeraznrg,
rudihartoyo91,
doremon-j,
adnan3990,
daif4all,
osamaalgendy,
als3,
Steve7075,
mohcin2016,
robin788,
antdude,
Sabirabbas,
Dettaz,
armanbd,
chipchip199,
bcreativeblog,
CmdCrunch69,
TheBlackPhantom522,
rezhi,
arifansariseo,
Decartenes,
thetechfactory,
TutorialsHunt,
Aadityajp,
Software-villa,
Eldinovsky,
Jaasielterry,
Daurek,
andrealencar,
rudinazar,
reystrekie,
hadotseo,
cristiandmv,
johnalper,
rajeelkp,
paulo0369,
aljwadh,
deanthomo,
kingfishar,
Lovestoeathats,
Philli4Sm3L,
Maradybest,
pallone80,
Camist,
shameera78,
gyaneshshiavmroy,
