PastTenceOfDraw,
lol_what_username_,
Teamemb99,
Tobric,
echowoodsong,
gigitrix,
createsstuff,
gatorPhan786,
OctoSash,
imalexdunn,
Cazazkq,
nezektvhead,
reflecting_snob,
bumblebee_tuna1988,
Artemesia42,
UncleHenSeller,
snowbunnyA2Z,
Yoloonno,
INTPotato,
LemonLordTheGreat,
brobuddypal122,
CondemingSocks,
FizzFoxFaxen,
Minichurro5,
FoxSaidWhat,
Speegle,
VikingBeachBum,
hazelblack,
eats_five_batteries,
Whiteghostwater,
boredjim8,
tiredbees,
123username123,
muireannn,
maddieG333,
jlmadsen,
Rampaging-Elk,
asimreza,
PrideAndPatellas,
Typo_Prone,
happydiylife,
whirledpeaz67,
AntonioMilanese,
BNBQNB,
NoSoulVampire,
Ellimister,
Rodney_Reposter,
bensmi,
monochromaticcunt,
Major-Peanut,
FixLexia,
SL04NY,
aajs,
LjSpike,
BentNotBroken,
Natd1133,
HClO3,
paradoxicalpersona,
yyyaaa_science,
Bnelson911,
Sidbwantsfood,üçï
DiLLiD313,
Mgeek20,
Mr_Wassonwheeler,
northernspy,
_lilcat,
sah0048,
bartink,
kewl_mug,
urbanist,
Turtlemarket,
Killxthexdreamer,
genderlesshooker,
TwoSlice420,
MartaGardner2,
AJRaceFan,
RSKingSam,
reddit8027,
Samsscott97,
someoneinwyoming,
cliffwe,
jvolly104,
Carolinannutrs,
AmandaTheArtist,
alazaay,
GeorgiaSquared,
AlleyRak,
cowsareinvading,
Yeet9000,Dyslexia/Irlens Syndrome
RyFlyBy,
DPeacock,
cdog499er,
Lucy_in_the_sky1,
VoodooDarling,
lacour1234,
Merrick88,
hershpat,
quellaman,
Wiganer34,
mamatucci,
dopplex,
lopusfx,
OkCaterpillar,
foxesandgeekery,
Nakuke,
Heartfull_of_Wind,
Jaxie911,
seanytwosocks,
Kiwiontheloose,
Insighted_Cuttlefish,
Debone,
SecTrono,
NYRangers1313,
bonnieterry,
Xanhil,
Yeah2020,
studiousaccount,
superfrog,
OKIEDOKIE7ARTICHOKIE,
Cheesemeister42,
Ruairi_1,
Jarratts,
dyslexicgamer,
2_Parking_Tickets,
Reese_PB_Cup,
DreamArcher,
TourfordyslexiaPaul,
corbs,
freespiritlover,
didyouputthebinsout,
balamory,
Bea_theIdiot,
phphulk,
Jonaherdi,
tnw-mattdamon,
CaptainMrBucket,
ShruggyGolden,
leon_oswald,
foolninja,
Superiorem,
raytaylor,
PulsePulsar,
ManyResolve,
ceysisitter,
Mrpanda1023,
EuanTheBest,
Vardae,
Lightsight,Dyslexic Student
_Z_A_C_,
Donna297,
BishopofBling,
Chow2ew,
ghfrzshfrzshfrzs,
priviet123,
kagongi,
JiffierBot,
totally_ro,
Nadilli,
AllianceDeath,
mikeffd,
nairboon,
RealNishantha,
Dicypher,
BMFunkster,
TheFriendlyPenguin,
melancholyApplesauce,
j2598,
SergeantDickhead,
OriginalPostSearcher,
Hazzzzaaaa56,
Sir_Knee_Grow,
undead_boi,
samhostettler,
DyslexicTurtleMarket,
Alextheman505,
proton26,
edgelordjas,
Anonymusk,
dyslexic_sob,
argyleshare,
Amaretto-with-Ice,
echonerd,
Ignoble_profession,
emwali2,
FancherEducation,
Itstheadhd,
izabellie,
SGT3386,
Magic88Balls,
baiclobot,
yellow787,
CrunchBang,
pmr92,
yourbasicgeek,
NomNomPancake,
thecutestborg,
piercinggun,
Easy_Rider1,
friendlyhuman,
Diplomat3,
eatdipupu,
geon,
MuffinPuff,
averysimplequestion,
Enderman5059,
pernicat,
Holden_place,
littleneila,
Terror-Billy99,
Benn_The_Human,
cas1985,
Strymc,
Mandyb3,
Pierce_A,
MoriarTyrannosaurus,
SamHunny,
ryanliffen,
SteamPunk_Devil,
orlando007007,
BlankVerse,
3eyedmask,
tufty-fufu,
catatamaroongo,
Influori,
cuntfacee,
Phos4us15,
malclay,
drpepperofevil,
pleasantjerk,
FeedYourself,
Riddari117,Dyslexia
deviated_viking,
Foulestapple,
caliginousace,
alarmclock24,
yoyo2016,
twtealio,
sagapo3851,
bbenjjaminn,
slyfoxy12,
a_can_of_solo,
HazeyJM,
sneakpeekbot,
MisterSath,
MrAndersonB,
Hollis-,
nomi1992,
RUBIXWARRIOR,
nimchii,
TheCitiesOfGold,
TexasGaint,
davesfakeaccount,
pavel_lishin,
Gabbeystar,
awwwwcutevery,
SeireiLy,
sirberus,
ericwom,
kindlikeasoul,
STEEZYLIT,
mercman92,
RamonaFleurs,
georgeZg,
sharplet,
Modelseat2,
ivorydolphins,
The_Scro,
afinebalance,
Kauzrae,
Chasen32,
Neywiny,
DoomRide007,
gjinx,
IamJustABirdyToo,
WikiTextBot,
wert229,
pelftruearrow,
DeepMidWicket,
SatsumaConsumer,
evensteven1991,
Averlin,
dooptydoopter,
josefiendish,
tjbrownmusic,
InternalFarts,
MerrittSpeech,
bigabdool,
keeperaccount1,
lilsyl65,
Goatley2,
kirstiethecatlady,
grateday,
QishengLi,
jonboiwalton,
SusanBKahn,
R0b0tDude,
goddfree,
otto-vonbisquick,
PiscesMermaid87,
asguardina,
GroundCherriesRock,
dontcallmemonica,
Gibbons74,
RogerSmithII,
ProgrammerOnCoffee,
drunkinhobit,
Norwaymc,
dickerreading,
chai-monster,
gontymor,
gbw767,
AngelicSerenity,
lkrc2013,
Fermmoylle,
ricemilk,
GlynRoar,
TheSlackJaw,
judasken,
bwitty213,
Carausius286,
hljoorbrandr,
lightsisqueen,
yellow-fox,
tayloed,
lacey18,
dyslexiclad321,
UpboundClearness,
adagirlshel,
twinkie45,
Bluegreenfairyqueen,
donnahobbs835,
chanberrysauce,
Mister___F,
WasatchSLC,
ST00TN3Y,
sonofman,
Daegfire,
Harbinger458,
jubster4,
MookaBean13,
Seanadap,
asfuentes,
Caldansk,
PeterMus,
Hillmanian,
Liquidlaughter,
Jojuj,
volgin768,
illthinkofonel8er,
eMilk,
TheGreatMog,
therealinstigator,
Didea,
gimsmith,
Lokie_Firestar,
ArcFlash,
saiyanhajime,
TaniaTiger,
norwegianscoper,
preciousjewel128,
WinningAllTheSports,
Lillaena,
kinghayduke,
taureansoul,
quilomene,
IcyApricot,
n_a_t_n_m,
IRlyNeedAUsername,
Ghost_Dad123,
zeblindowl,
im_friENTly,
__Ollie__,
Mitroc93,
beesbewithyou,
BunnyG,
andytuba,
Killrade,
BlackWolfOne,
pittpenguin123,
ToastedGateaux,
tickdickler,
bricoleur500,
ButtMarkets,
AnaGlypta,
jenkehl,
_Bexy_,
raestory,
steampunkjack,
GuineaPanda,
rannos,
AnitaJoint10,
unsociablerandomer,
catwoman42,
Shermanpk,
BeingNateMcCullough,
yetnothingmore,
sweeton208227,
betterdustinthewind,
rubysmama16,
MopMoppington,
bitbybitgeo,
sehrgut,
oovamatique,
Eggspurts,
Taijem,
OnlyInEye,
TheDudeWhoQuestions,
nsfgod,
lekslkr,
SE_of_x,
dogstar10z,
Cerosprite,
Throwaway3838268,
UlexiaApp,
Naknrukti,
DisastrousEconomist,
TheFiddler3,
cocomeowmeow,
Keiydo,
petesdragon120,
MaserGrooveStuios,
jackshepardlives,
no_names_left27,
alwaysquestioning999,
amrree,
BuachaillRua,
ejbaum,
vaishk_,
dippodahippo,
churtothechur,
lawise92,
issybo415,
TheCaringAsshole,
adiscalene,
quixotic_raconteur,
eaglebtc,
dyslexiaumich,
SlenderPudding,
Dylanpayne13,
sudanon,
troubann,
every1stopgettinshot,
jackal_head,
Electric-fire,
bltz681,
arthee1,
twatspatula,
mynameisn1ck1,
Ojitos21784,
muppetzinspace,
EphemeralChemist,Dyslexic Student
actionjacksoned,
queefsweater,
violetoshawott,
killraven_00,
Norandran,
aricc03,
kkmp14,
wookat83,
mad_neuroscientist,
alexkay94,
zzivy,
Orionpeace,
VerGuy,
benignsecrets,
Mikehtx,
dawnsavagii,
jigam,
Handmeafish,
Loggy88,
King__Barsoom,
Kelly2fly,
_atlasnovus,
WhateverGreg,
saara-nicole,
Superficialsupermum,
NebulaWebula,
lumpyspaceliza,
jakethebavarian,
talktothehan,
Wearyape,
Atmosphreak82,
pielicker,
ruggedlamp,
MsAndrea,
joker-_-,
wildweeds,
Gioware,
Bruck,
andreabritton,
septvea,
rockyisacatt_,
ArmyofAnts,
sugartitsalick,
dasheekeejones,
ShinyBoots86,
No_Pie,
BriHi1966,
princessofgenovia,
LongboardingNole,
abstudent15,
GenericBlueGemstone,
neomm,
WhichOneBUSH,
angryclam1313,
LunaticMiko,
scrutilious,
tennesseepsych,
RainO3,
Noelwiz,
x_randomsghost,
yogaballs69,
AntoniazziPulse,
VirtualRaspberry,
eponine311,
bloqs,
emcom90,
P_Jellyfish,
SpiderJax99,
DACdaddy,
lucythelucy,
Digitalmodernism,
Mixesitallup,
SexDungeonGrandma,
autodidact89,
tomyorksbiggestfan,
rubertine,
timbit-booty,
MichaelJacobG,
BeekindBeeyou,
OmegaLink9,
yelaehoo,
WangCaster,
exodoor,
motoraz,
DadaCowboy,
Moonbeam900,
Ewoudboomsma,
ANADOESNTSHAREFOOD,Highly Suspected
Edge-of-Heaven,
riley9705,
ariel4480,
laowailaile,
Monkeyking10001,
BellaChia,
Penguin11880,
Prerequisite,
Deep_Matrix,
hugh-mongoose,
nancylinxyz,
Libida,
JzeNN,
zarah101,
trewstyuik,
emmabelle101,
propbeenie,
pabernstein,
x27gp98mj53,
newron,
spamersuc,
mettatonneox,
VegetableRights,
ladywafflesisqueen,
Thingy1972,
mattwilliams,
ugsisme,
ElysianFields92,
tzaeru,
Shady_Scientist,
talhasaeed1212,
Crackproof,Dyslexic Student
fanpple,
twedekind,
TheSnackThatSmile,
DiogenesofSin0pe,
Cleverpseudonym4,
mothership76,
vallaula,
Mindimprisonment,
ninadjango,
space_physics,
Riplakish,
catsarefromhell84,
mladoutad,
Cynthial,
DoomFox,
StrangerThanYou2,
nattodag,
hotjoss,
UWROCKS8,
WeAppreciateYou,
ClaptonIsTheGodMan,
Blundix,
_j0nas_,
Catatoland,
9Tm__q3F5,
EnderWiII,
dabeansta,
Not_Just_You,
AveSophia,
tylersavery,
MarlonFord,
marrowcrumpled,
ninjaGawd365,
Oli_Picard,
Arch15,
LucidTopiary,
alzore,
Gothelittle,
chrissythefairy,
FishLake,
belsonopticians,
B0ssc0,
SinGarTheGoat,
lazybear910,
hinammi,
dxkillr,
deathstick_org,
ronperlmansbeard,
The_Woman__,
StrawberrySunrises,
allthegoo,
Ishouldbesnoozing,
Throwaway4sally,
Cdhelland,
Pocketpoodle,
OneChance13,
veganlife2015,
fallout4lover,
SarahHT,
aawvnkk,
rachhjoy,
Z3R0gravitas,
HateMeToday1,
Abaleth,
allyscreations,
madiele,
Quality_Comment,
ExciteEducation,
DjinnNJuice,
LSP200,
Hugh-tate,
helendoss,
Blackeyed_Blonde,
Oldmanjenkins17,
Creature414,
languagestuff,
moonsugr,
mutetta_antica,
wodkcin,
SmallSubBot,
dellawanderer,
deepCfish,
puppyth,
JumpingFlamingos,
Omni314,
TijnTijn,
justincase25,
drbobo109,
punkachilles,
shawnshiyao,
AmaiRose,
andru183,
MrWigggles,
school_psych,
moistmuffinmann,
BrakKeaton,
just_be123,
PurpleLlama42,
mokeymo2012,
dubcdr,
c939437414,
PartTimeDreams,
dlots15,
theythink,
SamFlushing,
bendergod,
assesundermonocles,
ForeverFun,
jthames76,
SheriffOfNothing,
timee_bot,
ampmz,
iusethisnametopost,
elegantswizzle,
indigoflame,
marzolian,
just_call_in_sick,
etlverified,
ucacheer2213,
AscendStudiosLLC,
Lavaflow8,
DammitMegh,
sexuallyhomo,
neuronuser,
WoodCheese,
paddypoopance,
islander85,
Xuber,
doublepoison,
Emaaaaa,
RickBlain7,
BadAtStuff,
bhargavateja,
paradocs,
lordpsymon,
agentx221,
MyvarHD,
mediocre_scientist_1,
existentialfeline,
Ghothadrath,
ptank,
SgtPackets,Dyslexia
blackdynomitesnewbag,Dyslexia
mpilovsky,
TreasureBG,
FrozenConfort,
Schadenfreude3828,
beemerbenzbently,
WillSaysPlease,
Newlon,
CloudOPhile,
mindprintlearn,
DawnDenberg,
Cooo_Stan_Za,
CaptainsEyePatch,
wrexkam,
Boofer10,
cornedbeeflegs,
zdiggler,
tomtopc,
2Cheney,
glitterisacolor,
GottaGetFit,
ChainedMangoJango,
listenandlearn1,
BipolarChildfree2017,
lozza_rea,
dad_of_a_dyslexic,
IamDabtastic,
IreadwhatIwant,
willsweetas,
woopsor,
biscuitfiends,
sdDewDrops,
weareb,
OverTheStars,
NorthWestGuy2017,Highly Suspected
SBerryofChaos92,
rainea,
professorpower,
xtimewitchx,
rmasterflex,
Geekitgood,
Doct3r_Mittenz,
vertigo01,
Hfc519,
redditisgreat316,
yu2_88,
eviljason,
snowman207,
liljennawren,
Nantosvelte,Dyslexic Student
michael31415,
Silly_Christians,
DiskFunctional,
pixelpin,
LionsPride,
Sindy995,
Im_a_Wanker,
msmorbid666,
Edocin,
elbeum,
utexasdyslexia,
Multiple_Personas,
Sexytimeswithbae,
tosbourn,
RosanQ,
theresamay420,
beadingrose,
AccountNumberB,
rockthecatspaw,
RigasTelRuun,
TheFaithfulAtheists,
awesomename_greatjob,
je51jehei7382672thra,
HeloRising,
zefdef,
cjb211,
omnik0,
specialchildrenart,
PGTipsta,
tigerlilly1123,
RedMothWing,
lapogo,
Christmas11,
snoottheboop,
PKHolly,
Beehive_Book_Design,
Ahavre,
camilos,
wrathborne,
Bravo101,
DrSomeGuy,
poopflush15,
kryniow,
mhbudge,
Xren72,
41anddone,
-515-,
argveizzt,
leftyjes,
DovaQueen,
ScubaPlays,
pacodenero,
TapirMonkey,
damgoat,
MilkyCocaine,
DyslexicLynn,
Themightygaby,
cam26,
iRekUrGrammR,
uchicha15,
daisyrowley,
DoctorDisgust42,
beautifulanarchy,
I_Cant_ThinkOfAName,
Swanmnv,
Strictly_Genteel,
jacobpants,
WobbleWobbleWobble,
kyle093,
stn3c,
Moon_Moon_2-0,
WhyArentIHigh,
ohww,
dracoinferno,
tvhoang,
EddieRod,
BoredomIncarnate,
ACosmicOlive,
Kaliera,
TeslasTohms,
HailYurii,
jofwnc,
pbwarren2001,
RESPEKTOR,
mydab,
HuracanATX,
terrordactyl2,
crizzzles,
flankz,
CriterialCasserole,
SilentStorm95,
NameSoup,
MARKWEBBER,
GuineaAnubis,
hugglebunny87,
Wooden_basis,
paradox398,
Dooleycircus,
Sn4p77,
virohm,
sammystevenston,
mm_writer,
B_A_Pain,Dyslexia/Irlens Syndrome
carlyindubai,
jeebus224,
MySuccessTools,
adoooooma,
Psychological_Aerie,
glenist12,
thisisyourdestiny,
ConceptJunky,
guiltyandfast,
mariaspanadoris,
kayoftee,
chemical_maniac,
kempemuntari,
02BabyMoose,
ak00n,
loloves_,
MrLeeMason,
MamaTexTex,
TheMightyWoofer,
BJ22CS,Dysgraphia
kavunr,
Zephryl,
Fatalope,
ButtermanJr,
Nerdy_Narwhal89,
oztrekk,
gAlienLifeform,
Cambodia95,
theSecondPi,
Kiwiampersandlime,
usernamealreadytakrn,
mattr888,
Tisban,
pootykitten,
mintonmary,
webstur,
Fooly,
nicklepede,
readingisaweso,
Lunchbox_Sweets,
Everjenny,
Spockzillla,
Lord_Konoshi,
TotesMessenger,
artsforall,
Dodge1992,
crowe589,
DonkeyOnFire,
hellanxiety,
MellowPost,
WherePip,
MrLinde,
ivultar,
CommittedIndecisive,
V-paw,
allnude_allthetime,
miriness,
unsignificant-person,
rossesarecool,
jdwils,
Syltederoedbeder,
CyberHitchhiker,
xvoo222,
maximumwill,
jonahjuer,
Ekmopon,
Yossupdogs,
k57xb96pa34ir28,
Pjstjohn,
SpectrumKid,
Dolfinblanket,
Beloti,
asloan4063,
Algoresball,
Harislandia,
benaji,
con0r,
SelfProclaimedNerd,
Oniugnip,
nesto1979,
trinketstone,
blackpony112,
morganselah,
SteXD,
space_manatee,
TheDyslexic123,
RedCapKid,
ToughAsGrapes,
ESNO30,
DoctorSpurlock,
Ranvier42,
Hopefullyetsad,
IdkTbhSmh,
smilesbot,
improvedyslexia,
AreTacosCats,
Kidkhilling,
dyslexicwizard,
Retovath,
YouLoseTheGameTony,
loughy,
sergeant-sherbet,
jaaperdejaap,
Enchantress_moo,
JayDeePea,
RONALDO__7,
dyewithkoolade,
youarenotalone92,
greenteasweetpea,
alittlekoala,
Torm_the_Revanchist,
HERPADEEPOTATO,
mrsamcain,
MarcGunner,
CivDis,
ChemGem2289,
could-of-bot,
Wafflebot17,
CreativeMrsH,
dinosawrsareawesome,
Identiofi,
TheHumanSpider,
smokefilled,
fluffymuff6,
Artful_Recovery,
SROTDroid,
DarthKater602,
cleverlinegoeshere,
ComplimentingBot,
DrParallax,Dyslexia
dwThread,
constantknowledge,
ndtondyslexia,
CupcakeValkyrie,
DyslexiaLady,
pandar511,
liza,
jorkos,
eblcoaching24,
OutGrowMyJourney,
chinchinisfat,
tarbox23,
rubber_chicken_sex,
Delysid52,
rentingumbrellas,
brynnvisible,
eric-go-cartman,
Evergreen1996,
orangechicken21,
fractalmotif,
OrangesAreApples,
sambr_,
Eggplay,
definitionreader,
atomicjinx,
cedartree92,
grubbzy420,
seeBIGGIRL,
ybhco,
louke96,
theAntiPedant,
TheLochNessMonstur,
Hauntinggraveyards,
chantistar,
_rather_be_outside,
elizabethboyle,
CountRizo,
lightlurker,
lizardscum,
myotherduckling,
odedperi,
emilygonzalez7,
lyraheartstring,
lebh,
Thouny,
subsidiarity,
TexassPoonTappa,
Waazzaaa20000,
summer21,
ajaidsilva,
drifterwood16,
wesatloldotcat,
siraisy,
D0ctorDonna,
shawn174,
HOVIFI,
royalthrowawayqueen,
Pearsei,
festbares,
ryzws,
ck2875,
QuietMrFx977,
im-dad-bot,
name_with_a_y,
Xenect,
KaydosLimitBreak,
LaughingFreckle,
theGUNNERS522,
bailerj,
Samwise616,
hotcock1,
SirKirk,
Sirico,
Elzaphanrii,
amyclark55,
happylilmonkey,
treehuggerandlover,
part667,
agree-with-you,
lioleccard,
DoctorToWhatExtent,
Kuewee,
lxkhn,
JackHood,
partyanimechick,
PluviusReddit,
TweetsInCommentsBot,
Chaos1012,
PerfectlyDarkTails,
Javbe,
sulfate4,
wdenman,
sethrogenssausage,
Domze,
VirtualStephen,
FantasticBooks,
dyslexicmind,
Quellieh,
kruziikrell,
Ian-The-Hare,
pinkglitterunicorns,
Dutchy85,
aRiOle,
volleyball5,
slyg,
Joranthalus,
Necrid01,
Faintful,
Derpahorst,
jluntta1,
jammoll,
finance_junkie,
jankan15,
Chingzilla,
croutonsoup,
otter-pockets,
givemedopamine,
TheApexRedditor,
LearningFoundations,
bibliosapiophile,
lurkinglurka,
IneffablePerspective,
mcatlett,
SheilaNOOOO,
Unburnttoasts,
pennyroyal51,
SmartRoadReader,
ceramicfiver,
ArtemisAlexakis,
civilisedvortex,
Cestcalavie,
The_baby_bat,
silentwail,
LYM1701,
Throwthrowthrowyour7,
TheLadumba,
-Phoenyx-,
Suger_Cakes,
Modified_Duck,
pixtiny,
LiliBlume,
eriktheginja,
atx_swim,
dansheridan,
Boswick,
JavaSF,
al-cia-duh,
randy_newegg,
killer_by_design,
female_lenin,
makeyurself,
DocAdams85,
Batmanroggers,
derdody,
RabidKillerPoof,
Strayriffs,
chef-boy-par-ty,
WonderfulSimple,
curtissdc,
F-Minus,
mpearrow,
throwaway_48349585,
zommy,
Shalnar,
Lolasglasses,
Eliza109,
shakespeasie,
SkitzMission,
BeerlyStanding,
sabine-ribena,
jennarad,
astromule,
perma3,
BoredBook,
laurel_lee,
sabretoooth,
YCH3000,
secondearth,
Glitchface,
Antonio_Margheriti_,
NationalBraillePress,
acey,
yalarual,
Dtingthrowaway,
themeteor,
Gsggodwin,
Natalie_097,
muslimahinchina,
clownfused,
neurodiversityltd,
DyslexicPerson,
pollon285,
Emblim88,
cikemurry,
MyRedLetter,
nicolaraee,
sadi89,
surpassing_disasters,
armafast,
nicolenicolenicole,
mrsNezz18,
mN_3_t6Ad9,
oh_okay_,
ShelleyBlueEyes,
lil93775,
projectwhataboutme,
LorraineMcFly,
musiktheorist,
puppiesonabus,
theglp_nonprofit,
DannyHennesy,
Dad_Jokes_Incoming,
sqtocimapxjwyrg,
pinkhead,
scorpionxa,
ilivetofly,
adultswdyslexia,
Dead_Dove13,
RobboNoCash,
sarcastagirly,
MinaZee,
icnitrent,
ongobay,
TheKakuzato,
masdi,
MsTaShake,
royalrhumbus,
generalscruff,
Commandhat17,
nek0nyu,
TrippingOverYou,
BinaryMiscreant,
AccountHaver25,
US-Blues,
Polemist,
Vimjux,
MisterMeowSir,
bballman1140,
wantahoodie,
octopus-butterfly,
Msosa4,
jghvkgvkjhv,
sahockney,
sylwialiako,
hashtagfaghag,
beefly,
obadiah24,
spoongoose,
takku203,
DH_Bed,Dyslexia
suesstrategies,
WolfAhMoose,
AVZ_Gone,
katsigner,
pWallie,
bacondog,
GeneticControl,
brownidegurl,
oisis,
moduhls,
afruitsnack,
natposs,
digitaldavegordon,
RoveCove,
DedworthMean,
wolfsongamp,
pieandablowie,
Visionbuilder,
dances_with_pizza,
shunshifu,
chenjinsui,
lonex,
ActionJackson__,
robicz,
complementarysamples,
ghuang,
sofarok,
_CR,
Santas_Cousin,
lijkel,
theillrequited,
axialclown,
V0rpalF0rk,
trin6948,
metruzanca,Mutiple
DancesWithBagels,
Introvertsaremyth,
campohippy,
dbarkman,
pilotpat,
Alphaether,
meek-o-treek,
OceanAnimal,
lelo98bs,
fiber_stacks,
theGRBteamy,
boodyclap,
Jax_straus,
argylepancake,
Cheetah3300,
rn126,
lyndzkd,
Golden_Dalek,
Datsgoood,
_DownVoteMePlease_,
ambienchat,
oceanescape,
edge2edge,
pacupamu,
escape_velocity,
tobwilk,
bobshelter420,
lil-artist-kid,
meesegeeseleese,
NC-CanMAN,
mcba1234,
mollylolly88,
puzzle413,
DA_CO,
I_only_wish,
Ryzon9,
drselz,
OhThatsRich88,
owenhenrywilson,
randomforum,
Vdubster4,
FuckDoggoBot,
mrodmma,
somethingelse19,
Blakob,
nile1212,
Kazabel,
RedEd024,
Muffinlicious,
rscott89,
Dystopianpresent,
Gallivanting,
PineappleSmoothie,
Mod_Grammarly,
jenni5,
graytide,
duvetkemde,
RealDale,
serendipitybot,
AnAverageRedditUser,
OversuspiciousDulse,
HousesCane,
Sdr4wkcab,
NeedUnusedName,
groundhogcakeday,
Suprvanillabuny,
antdude,
DonaldShady,
theorywolf32,
AmberNomad,
curvywords,
tm19,
Selfishly_Efficient,
Superty1,
IMTilan,
Solidsquirrel14,
Zyla_Wilde,
-Lilikit-,
WrenAndPeter,
W_DeWitt,
MissDeadlyScarlet,
Arigyrl,
chesapeakeair,
mallard,
asyouseeme,
HairyGamer,
spnkdwife,
callumgare,
TheSpiderLady88,
privatedyslexic,
AnnaBear91,
EvilQueenOfTheSea,
Andromansis,
Howmanybutts,
AccessibleTech,
Tishkaminx,
loretoniamh,
CharlesDorton,
cyosten,
Matthewrebe,
Ciara27,
nervo00,
Harvey6ft,
xMadDecentx,
_ChestHair_,
JimmyJimRyan,
mophair,
noreceptionplease,
stelena_lena,
3DMedicalAnimations,
hthompson98,
annalatrina,
vr4o,
Gaestaler,
Paxpoeta,
appsman,
McFlopsy,
GreatfulDeadHead,
ItsEmEm,
PotatoPotential,
PM_ME_LESBIAN_GIRLS,
lxgo,
jdevideo,
bincerid,
Heidi_DE,Highly Suspected
nOverlay,
michalhudecek,
xkcd_transcriber,
JWORUSA,
wthorson,
zenith2nadir,
acreamy,
garyomario,
calofg,
RabbitRobotica,
HelperBot_,
digitalmayhemx,
lactose_cow,
ClickableLinkBot,
NoxLupus18,
WEAREENDPAIN,
Bepatt,
RiceCakes90,
Palestrina,
esued86,
redstarsbluestripes,
frosty_cog,
Galdamax,
leo-g,
BrunoBMT,
tenderDyslexic,
Woo_0101_0011_0011,
karadotcollett,
CosineP,
EmpatheticBackbone,
visualknowledge,
kaylakatt,
TheOldDjinn,
Imortalstrawberry,
ImSavingThisBecause,
DevPsych,
DiogenesTheSincere,
Roastthewitch,
Silasriegas,
zeinshver,
funnybillypro,
IRLkaykay,
Blkaceofspades,
FlicketyFlack,
Em3PO,
danibooii,
DealerNextDoor,
Me_you_who,
Punk_Trek,
Primalrat,
chanelleol,
bwhite9,
barefoot_yank,
Merixa,
Taylors_Bike,
Fisherman92,
RadicalModerate00,
YostYost,Dyslexia
Thedweller17,
4gifts4lisa,
wentyl,
Jon808,
lmorri8165,
FernandoMol,
TTEH3,
sweetboyking,
kroogr,
spazzcat,
Jilk456,
RobotTrumpetBaby1213,
Chrisasorus,
chocolate_starfish,
sillyguppy,
chiliflakes,
ShojiAn,
SahqonIiz,
whurpo,
IWillAimToWin,
Fizzyharibo,
oldpplfreakmeout,
FreudianSocialist,
euphoriae,
jasonspeaking,
LogicDutch,
shmerham,
Charlton_AB,
ajju1986,
RobinReborn,
kettleloaf,
steampunkchic18,
AviatrixInTheSun,
thenilboghammer,
VooWu,
dyslexicProton,
grey0909,
2PACCA-FUZZLIFE,
JoePoePin,
crome221,
astro-punk,
invisus64,
BeautifulGorgeous97,
poppicat2249,
bec_murphy,
thearlonian,
lemonicbass,
SlightIyOdd,
ohmsbeliever,
NeodymiumMan,
FrootLoopsTucan,
Kousetsu,
w1zkid7,
I_am_a_haiku_bot,
julianofernandes,
Rogankiwifruit,
Emart1982,
-shmoops,
J2MES,
MsBateman,
calki,
ninja997,
atalossforwords00,
TheGinger1,
Theghostofsabotage,
coxcombover,
Trick_Shot_Bob,Dyslexia
usernameien,
videochros,
jport,
beepboopbp,
crazykiwi,
asuleman,
rex3001,
Magic_The_Gatherer,
absecon,
capn_barnacles,
Girl-Here,
Imodigum,
will_never_comment,
whatcanisay12,
terectec,
miapulpfiction,
wagers,
REDDITJAMIE,
vkomova,
delegait,
RGB_Muscle,
Iwasntbornyet,
bri0che,
throw-aday,
OpalMagnus,
WTFOSAP,
IAMTHESmoothOperator,
notjim,
soiliketotalksowhat,
chromarush,
Youwerewild12,
vlntslnt,
seoservices482,
gorgonx7,
Ballersock,
HappyTreesAndFrogs,
Merr_welch,
kookhunter,
I_LOVE_CATS_AMA,
TheAnchientDunce,
I3ard3n,
cancorn,
aimlessly_noctural,
AYankeeInLondon,
PRDxcm,
misterr0bot,
SweetT13,
wearezee,
Killawatts24,
mwc501,
rightbrainedwiz,
asghar-baloch,
arturowise,
Virtual_Trip,
nobelcoaching,
freethinker101,
live1out,
Kanaetheron,
Slazman999,
crispweed,
mangelotti,
EtherMInded,
zebedir,
xXLuckydipXx,
dreambeau,
Captain_Khloya,
rhnshrma,
broneilbro,
Holden6,
Punkoli,
tauntaun_poncho,
pingdongdang,
OasisXD,
death-adder,
bosbcn,
Sh1nob1M1st,
Mrs__Bear,
TheSkyNet,
tommy1gun1992,
Puffd,
dastardlyme,
GorillazKingLTD,
HalfwySandwch,
redfro666,
rretzler,
rrrg35,
lonelady75,
KhatiArt,
N0_us34a_name,
Allan123772,
Turquoise_Cat,
tigr87,
sad-ghosties,
danez2,
May_Day_,
damnkidz,
CertifiedBeast,
finster,
cs606,
laf7203,
hpsauceman,
distractedtora,
sanderbling,
sosecep,
arimig,
Tbnww,
eenerz,
StriderTheZombie,
Remoau,
lauravecsey,
GenericUser69,Dyslexic Student
kit8642,
mydogisalegend,
RedAssain01,Dyslexic Student
egeverything,
vernetit,
Unuhi,
royal_rose_,
Justice514,
ZequalsAPlusIB,
acorn_33,
jlm1111,
Dogsafe,
joghill44,
27gema,
officialSOKI,
ryan924,
gemmlearning,
Chuckwagoncook,
pooinetopantelonimoo,
DCDOJ,
wascalwabbit,
dribrats,
WomanWithQuestions,
Skoosh1990,
master_gecko,
Merry-Death,
thenorthplace,
BeneOrlov,
techczech,
Castle44,
vansnagglepuss,
lsp2005,
Spamdump,
DoorsofPerceptron,
hill_79,
ggmclean,
jpkallio,
speeddemon325,
Thaenor,
Carlyisonline,
Pathogen-David,
mydogsnameisrocky,
semperscrutans,
Optipus,
mushroompeople89,
belaluna,
ICanHazRealLife,
[deleted],
LadyAntoinette,
Parkerdarba,
abc123_no_creativity,
aaronsnothere,
Ninja10,Dyslexia
Safetybrief12,
kbakes1020,
whoop_woop,
leon_zhang,
Carniforist,
Kiseraaa,
digbone73,
StressedOut32,
getthisoffmychest01,
jiekelu,
Kz_Rob,
coinathan,
degenbeard,
OrtKst,
DefenderOfTruth1776,
phillip-passmore,
Red_lotus_,
millionsofplankton,
Odam,
glasspoint,
RemindMeBot,
universehappyl,
antknight,
mavi737,
SharedJacket,
Alhoshka,
matknny,
HanShot3rd,
U_R_UGLY,
wombat7477,
CaliforniaProphet,
Nigmus,
giantspacechicken,
ghersh,
gorgorita32,
BlueMangoLLC,
cacille,
iasksillyquestions,
starrychloe2,
TonyThePuppyFromB,
CRWB,
Cglow9,
JDN_89,
phero_constructs,
maximomoto,
Anotherone555,
Technicolor-Panda,
Lockberg,
suicidejunk,
tijwelch,
md0723,
Epicene-Cosmoroute,
orbit03,
otsinekwar,
amykate,
bsmith1,
lewij2121,
FORERUNNERAI,
DyslexicNephew,
Rhicette,
alarienne,
Drjoeel,
maygoosetah,
sheryandstuff,
shoppartypop,
KyIieJenner,
Samomitch,
McCale,
DazedYeti30,
ilysmfae,
pappeske,
unusualJD,
grundalug,
FishHat49,
Dyslexia22,
dogs_are_people_2,
laylathemartian,
PrivacyCookiesTerms,
Oobert,
Oraring,
Spacetype,
ShadowMoonsGirl,
eyoxa,
riibentu,
saffahsaid,
maxfitzkin,
Atomic_Blonde_,
MaskDev,
tacker55,
NKristof,
atguy07,
tallcuppajo,
Yasuo_Spelling_Bot,
Impolite_tuna,
SpunTop,
RadicalRachel,
Guzidus,
skifans,
bigpoppaRdawg,
_Green_Kyanite_,
SaltySpitoon1,
PepperoniSapphire,Dyslexic Student
bgeller,
smallmindedfool,
DabDaddy666,
FattenedPuppies,
nicidel52453,
Loveinmynuts,
Zeal514,
DaRabidDuckie,
RiverZora22,
RegicideRum,
tamedame,
TedSanfernando,
kochamhumor,
redbonehound,
CorrectMySpelling,
TYIGTR_2,
salmonfishcake,
0yakodon,
Sarah-LB,
marceldia,
Socially_inept_man,
treesamarie,
newfawn,
John-AtWork,
demz_x,
98365209773598798739,
Quercus2013,
xlusciniolax,
inquiringcaribou,
username_321123,
Mahcks,
ratchethandle,
LordSwitchblade,
Natasha1234,
AbsoluteZ3r0,
Puntley,
uwotm666,
lsilverstein,
ratzy327,
sfecpdkognmjbziw,
rondeline,
LavieestBelle90,
YellowPensky,
Max_Smash,
ThadCastleBMS,
Depressedkid1998,
RisottoSloppyJoe,
JobsHelperBot,
AmiePod,
Dandretti,
PhoenyxVII,
wlondonmatt,
Playstadium4,
CountFlandy,
hmjames567,
Javlabethie--,
Redblackshoe,
reddit_ka_baap,
lon9riddle,
Magsays,
jwil191,
legendarysnake,
MusicMyFriend,
jonearmydesign,
Raziel417,
evsnichols96,
Boogwookie,
thefoodieat,
Aechmea,
HappyElephantEars,
gravitationalarray,
Abrown37,
atcoyou,
georginald,
thundaa13,
crybabybee,
quadpack,
catread,
idlikearefund,
stevebratt,
ThisIsMyLastAccount,
iamusername12345,
ADHD_Coach,
G969,
corporateguythrowawy,
Coopernoah1234,
Dhooy77,
Hayley_Instigator,
Annato,
dyspla,
Cec2wss,
ShadesLamp,
ParadisaeaDecora,
taoofmojo,
silverdog94,
Oakfire,
Running_With_Beards,
HowToHitLow,Dyslexia
Jxaxe,
tyrone-da-tyrone,
facadesintheday,
vote0,
lhpcwshc,
tiredad,
Jack_980,
DebbieMcCormick,
Cath0264,
pajara80,
nof001,
ellaemu,
BassIck,
Authentickk,
sbjm,
tacomuncher6969,
LBLLuke,
beryoza,
duckhunterz,
stupendousjellyfish,
Wishmecake,
kit77038,
SilentDeadlyKiller,
EnergeticBanana,
Niac5,
calamityjane93,
CaptainHondo,
Fry_All_The_Chikin,
Nespique,
voice_of_Sauron,
reversecrucifix,
JaySweeps,
Caro-Kann,
miraoister,
rushevans,
Kristinuh,
widyakumara,
paulegg,
Cameron8871,
loxodon_smiter,
yankonapc,Other LD
othersomethings,
TheLittleArchitect,
LowlyLead,
Pyukumuku3000,
whud99,
FuneralWithAnR,
so_conflicted,
futureartists,
jlconferido,
Sonoshitthereiwas,
pinkemma,
Ket009,
prancingElephant,
hoodiedog,
pattyjr,
addicted_to_the_wind,
ceere,
dyslexic-help,
dyshsmath,
ArchaicSmile,
fitzywufc3,
deathofcake,
CH3ST3RCOPP3RPOT,
earthsaghetto,
seanbrewer2003,
Rockfiend,
matthew_bellringer,
ryantiger658,
ludable,
SeattleCaptain,
mano1990,
Madbull405,
MrDantab,
Vonclausehitz,
afakingfattyokay,
Nanowith,
citizen0100,
definingdyslexia,
CBike,
Yesarooni,
agentverne,
Lucarne,
imimstal,
PhasmaUrbomach,
howlongcanusernamesb,
notworkingmemory,
christiandyslexie,
cyberhitchhicker,
loba333,
drewster300,
teddy__duchamp,
Harter93,
cande231,
PM_ME_YOUR_NANO,
rimthepro,
TubbyandthePoo-Bah,
hiker_chic,
doggobotlovesyou,
Chevey0,
awhaling,
FightBoy9000,
_Pandasaurus_,
Isuhydro,
voonoo,
wasssuppdoc,
bluetyonaquackcandle,
ItsNotAlrightt,
vwillcam81,
seraph85,
Web_Head21,
nothinbutnothing,
DSLJohn,
JJcoolJAX,
Watermelonman9,
helpingdyslexia,
Lactalady,
jezzard123,
OliviaWG,
chewbecca25,
MrsXal,
FlamingPaperBag,
nordic_spiderman,
MaryKer,
Ragnar-Lebowski,
Trueways,
DivineFatElf,
craigo_hhh,
derrickrsay,
isysdamn,
blondstefy,
GershBinglander,
WeGonGetItPoppin,
ljnr,
weasleyisourking42,
AlmostDude,
bag_of_fuck,
kumbricia,
hazeboyy,
silverlinin,
hazelirises,
hugdealerxoxo,
Serasinghe,
Alan153,
nomic42,
bigowl7301,
Dollylou,
the1blackdouglas,
xueli,
b_tomauro,
mrsj888,
Almarrio,
_fuzz_,
WryBread79,
thebigbadowl,
lameda_x,
oneona,
werehusky,
insunnydale,
ManMadeSun,
CcounterClockWise,
1kand1,
Justthenextyou,
TinyRobot156,
GnarlsGnarlington,
prettyalmond,
ladyAnder,
bbsmith,
Stinkybass66,
lafoie,
DeadSalesman,
Billogi,
yetanotheridentity,
KingJamesThe4th,
AlexBainesB,
tahackzors,
Ek29107,
mrpyramids,
RomeoDog3d,
totallytechie,
MiLeungSF,
mustdashgaming,
qetuo18,
Frofidor,
Debinkenya,
jongreg2013,
dodgemycharger,
ffoowwlleerr,
mermaid_pinata,
Iworshiplemons,
imnotdavek,
condychandler,
Kingy_who,
drunkbarbie,
pborrett,
Nikothetomato,
Edgy_terrestrial,
ayyyythiestbruh,
KZedUK,A dyslexic walks into a bra,George
Alunnite,
DiverRandall,
Workwoman20,
imguralbumbot,
guttercherry,
dwoodruf,
autowikibot,
butcher99,
Troutsniffer2000,
dylanatastic,
adultinstructor,
Tytillean,
reidkersey,
Griffithaintshit,
Miz_myztik,
mynameisalsomatthew,
isabellegolightly,
lettucefromsafeway,Mutiple
citcpitw,
z90popyz,
GoodhartsLaw,
LYHH,
Chicago_Avocado,
headchefdaniel,
dulceximenabo,
niteshay,
lsmith946,
Nevarma,
000011111111,
wychelm,
AnnabellaPies,
Ioangogo,
StaticKinetic,
_youtubot_,
energythief,
Lor3nz42,Dyslexia-ADD,Dyslexia
tribemadness,
m0ther_0F_myriads,
IAmAMagicLion,
lombarovic,
StiofanO,
SpiritualButter,
wigi1,
SpecialistReaction,
citysmartie,
hammondeggs10,
Sebastianidtrig,
AgnesLassoHolmes,
erikerikerik,
dyslexiaindia011,
bigmike00831,
etnaverde,
danxms3,
Ruleyoumind,
MGE5,
yokimon,
jolie178923-15423435,
BigLebowskiBot,
LadyPirateLord,
magichealth,
Cyberneticist_,
TheDarkLight1,
FlyingCow343,
philly1000,
VillyD13,
The_real123,
rehevkor5,
cec2,
pseudorandom,
Garden_Grow,
cupojoe999,
Minkr1,
Yeat52,Dyslexic Student,Mutiple
lowbloodsugarmner,
mickey_brickss,
ThadLazerton,
EccentricArchitect,
Rauschii,
tweedpipe,
catzaibo,
TheZeroth,
heysorryitsme,
ScienceAndGenocide,
VixenJade,
brainiacpimp,
chosig,
explodingplant,
joeythehamster,
levinsonmoreviews,
RandomDataUnknown,
BaronVonBullshite,
champ1337,
JARG1129,
hallabackgirl,
ZuesofRage,
FrancescoAA,
DirkaDirkaMohmedAli,
sadgrove,
greenarmadillo314,
MixtecoBlue,
timetickingrose,
LittleLint,
Thelislyone,A Dreamer Dyslexic
Alstjbin,
Madhder,
deadlegs12,
madiechan,
Garvin58,Highly Suspected
UnderscoreZero,
No_DNA4,
Raichu7,
alex9272,
wintersprout,
jamie5266,
pinkray03,
leaderofthedinosaurs,
neostah,
Creamandsugar,
Proizoa,
colinhel,
Garvidal,
n_3EGp_68,
AmiiboKate,
KaleMercer,
BrunoCoutinho,
Dword-,
_ash26,
bobybrown,
figleafdev,
higgs8,
Enderar,
HelpingMan1996,
BennyTS,
FineError,
xtinajohnston,
super-deadlegs,
cenobyte40k,
NerdBot2020,
Lanas09,
thefallableuterus,
Alpacamaka,
TheWoosterCode,
scotty_iulian,
skeedoden,
MyNameIsClaire,
Chemical-Reactions,
abooks22,
AggressiveOsmosis,
Emily_BRrealtor,
sarautu,
Ghoullzie,
Rileybeebs,
CactusErectus,
Px2_e3_D,
Narlow,
mountainknits,
helpyobrothaout,
kanga512,
CanadianGryphonGirl,
shalene,
ABorealis,
tinyahjumma,
Gostaverling,
ancientpsychicpug,
summers_off,
LintPlastic,
SmallieTin,
imperfectPK,
Solyka,
StonerAlienGhost,
jtj-H,
touristmeg,
bekys_,
shalala13,
youtubefactsbot,
yosupdog,
Spike92,
tonywestonuk,
slackermannn,
RMBmoney,
Reese_PB_Cup2,
ScrimshawedSoul,
meskiel,
almenazar,
woecesca,
mattshill,
fumanchu4u,
constantlytiredperso,
kaykay5802,
star_359,
deadlast5,
PotterOneHalf,
farmkat,
fit_geek,
some_ether,
Jciesla,
GreenTeaZen,
realchicagomama,
DrConrad007,
IthacanPenny,
willisjack,
tradskin,
noctowl89,
yourmyteddybear,
Dyslexiate,
jvc120er,
NoorZoya,
harmony91,
Aspergers1,
double,
webby63,
ypovhou,
bearsinbrum,
Glasty,
MeMyMoo,
JessLRT,
colli_flowerb,
blackcanyon,
watertap,
CLMoneyII,
isalmanr,
denrelojo,
CompetitiveFlower,
HappyCamper82,
Goukiz,
Hydra_Asparagus_Dick,
ishtarthemovie,
anonmom44,
mattapa,
MattTheFreeman,
smirker,
ninjosh97,
vithiasorrows,
Darkboyx7,
The_Blind_Squirrel,
susand2,
valfuindor,
-lestat-,
A1234234,
ecbatman,
Skeet1,
djmtakamine,
Ecc1019,
allthetricks,
BrownTie63,
dyslexiaformatter,
tiggeronline,
Tomato49,
olegos,
GentlemenQuinn,
BIGGEST_CLG_FAN,
EGeiger,
Lecontei, üêû
PharmFixie,
JJJXYZ,
IrishWonderful,
giantgorilla,
draishkow,
Farlander2821,
BrightEyeCare,
why_reddit,
500Rads,
milliondollas,
JurassicBPRD,
somniphobiac,
Hokararu,
rdmnickz,
sunbeam420,
willjarvis89,
down-with-schools,
marcusjxckson,
13thCMDR,
booger_dewitt,
Frostbite151,
elliottcrs,
50grams,
isititth,
mundabit,
CuentoRarongo,
TrinaGull,
parkway_parkway,
44464446,
jkosmo,
Yecal03,
Zombie_murderess,
Allofasuddenwords,
farts-and-crafts,
IcarusCrashing,
CrazyLittleTexasLife,
tgjj123,
CodeQuestions__,
barreldog,
the-one_that,
Gabinatorkm,
suekahnreadnow,
drseide,
guerrillaredneck,
welch56,
ducky511,
bamaramafizfage,
Eljack0558,
Hungrehh,
DyslexicCarGuy,
astro65,
stabby_joe,
Poogzley,
-kodoku-,
sammy1216,
stabberthomas,
socklobsterr,
230195,
sanddoobi,
Emi194,
ImAtomicMan717,
AttractedToGhosts,
castelmi,
AboveLogic,
abell45,
momomojito,
Helpfulhoomster,
theaspiringfilmmaker,
Batmantosh,
richloz93,
AnastasiaLav,
manwith4names,
StudentDU,Dyslexia/Irlens Syndrome
jadeslife,
musailexia,
MarleneM,
Tanaduk,
PrestigiousLink,
SenorGriller,
Mindlife21,
youwentthere,
SirJello34,
owenneworeddit,
allblues23,
Sleepasaurus1,
misamisa90,
beelzeybob,
enogimka,
AceGamer92,
BERLAUR,
appledass,
GingerKidd,
fishstickjiro,
TRDouble9,
OwenVersteeg,
littlewing121,
jferrier25,
Anthracite07,
tofuhoagie,
misscasanova,
smitty54,
CrunchyRAMENCQ10,Dyslexia
PT_Advocate,
the_Russian_Five,
gaydudewholovedyou,
spellingerror,Dyslexia/Irlens,Dyslexia/Irlens Syndrome
TheSpecificRandomer,
Shadowed-Heart,
TomHardyAsBronson,
vonnik,
SanfordShapiro,
mentilnutz,
meowwza,
Lashway,
toucharchive,
prospectre,
boqpoc,
saffrie,
conventionalWisdumb,
unwAggy,
sleepyfloydshaan,
AlexaBorgia,
joshstoller,
maddhatter22,
slg716,
johnnyjohnson12346,
resignresign1,
gummybaerchen,
ncninetynine,
sputteredgold,
kr0n0,
goldieLL,
WalderC,
Kdnce,
BlackWhiteCat,
illsaywhatithink,
library-girl,
lag_rvp,
808206,
DearyDairy,
_banana1,
cddaniell,
diamondcup,
kilokalai,
stephenbellenie,
sneakystratus,
CrazyArtist,
Metrosey,
skynet-r0b0t0,
nissnpig5,
peanutbutterjelly12,
mr_moosers,
ScottieWabbit,
Bamboo_Steamer,
ATL346,
PerryWinnwet,
zywind,
Sophie19,
SpiritWhisperer,
bigfatgato,
giggly_kisses,
DoritoLocoTaco,
Williamgrator,
Sylvesterhansen,
moose3000,
reverie_,
Baron_VonLongSchlong,
Elizabethkwiltzius,
RedCaption,
parfaitstogo,
jddf889,
GracieAngel,
nickstuartmiller,
SmootL,
Sarahch1122,
Funtycuck,
Commit_Suicide_Shit,
SurgicalRose,
chipsambos,
lazyman6969,
aehei,
scottk517,
ebcdicZ,
Distresses,
ThePapist,
speldvic,
accountbased,
Sethvdb,
Angel7795,
valuephylosopher,
Alohameg1,
k1rra,
BlueKnight3108,
LittleNoOne,
Suntree,
BlindedByLight,
Hambergson,
IAmAWorkaholic,
TheMonsterScylla,
playhy,
Jawshewah,
Kelekona,
Amber-Sophie,
SubAutoCorrectBot,
edendream,
ziggie216,
alexwright9,
CHEMTRAILCHAMELION,
psychetruth,
johaun123,
ComicOzzy,
madcunt69,
Cheeky_Guy,
throwawayglitter2,
ItsaSpecOfDust,
coleandmike06,
shotbyabeebee,
steHsay,
Yuoruddo,
typicalteenagedude,
imjustagrrrl,
hard_out_here,
BumbusBumbi,
FordSupreme,
joeymaggss,
BikeDr,
SkeletonJack_,
blackpantera,
wod_salohcin,
Darkchurchhill,
OHISEENOW,
Almightysoda,
Always_the_sun,
Unfunny_Asshole,
_Vic_Romano_,
shay_so_cray_cray,
SgtPipperSoldier,
Slukaj,
Rambomg,
doortoriver,
shooting_star_87,
ramma314,
mrbshaw,
popfilms,
dyslexic13,
godhelpthegirl,
Argathor,
mycleverlogin,
kanggaa,
-P8TuNuD-,
Ramsden_12,
loqk,
kalakalakalakaho,
WhoTookPlasticJesus,
Urajmal,
satellite1982,
willgoestocollege,
hippityflippity,
im_normal,
minfizz,
oh_gheez,
thepont,
daydoodlz,
SamanthaDuffqu8,
petrifiedtreesap,
W177ARD,
cleveroverthinker,
SELFRIGHTEOUSPSYCHO,
jman23632,
ingilizcecumleceviri,
PiecesofFlair,
navi08,
ianhamilton__,
aviewoflife,
CogCogCog23,
Siethron,
Thanos4theWin,
Yeb_deb,
TacklingTwins,
hotsec,
Loywfer,
bigsnig,
revjustin,
delicatedead,
The_wolt,
LonlyPonzerz,
johnsweet_dude,
kissxofxbeth,
therookisouttoplay,
Zoneingout,
Quickning,
liv-liv-luv,
Latinhouseparty,
madd74,
woodyscissors,
Althekemist,
cakes1todough1,
uh_fuck,
BowieBlueEye,
PennyGrubb,
chf42,
Adventuregurl,
Alex123456789876543,
neigh_knots,
Ollieacappella,
kahmen,
archaeogeek,
Shotokan_Mom,
Pearlmoonknits,
apcreddit,
reduarte,
bearmotivator,
scouseman1,
risepure,
orbnus_,
avernormalage,
sirwexter,
daretoeatapeach,
kimjongcheung,
flyer12,
davidandsarah08,
waifu_4_u,
MavisOfTheDead,
DrPBooks,
Squishygosplat,
charllescott,
kinglslbob,Dyslexic Student
buddy5072,
dtpollitt,
grammar-is-important,
Laytonlover93,
teein_off,
EileenSuki,
mufusus,
Svalr,
Accollon,
shnookumscookums,
counsellinglen,
hey-look-over-there,
withthewhitewitch,
Jeoh82n,
starlit_moon,
Stephen_Falken,
Ipswitch84,
Bregrd,
AllisonJW,
Troycifer,
Boopidoop1,
DefluousBistup,
baldhippy,
Flower_of_the_night,
Tech_Devils,
DeebeeArr,
16180099Noah,
liamxf,
Nocsiv,
becausefood,
DigiJbear,
SJC-Caron,
heyanntastic,
crum2018,
lesterdew7,
sdeister,
erandros,
s-ro_mojosa,
number1wifey,
41d3n,
enigmasaurus-,
pokecenter10,
AridLion,
awsm_blsm,
Freakazette,
mrwizard70,
Herpderp5002,
alexdbtomi,
dyslexic__redditor,
cleetusclunt,
Dyslexic-Nerd,
hildemor,
Cakerybtch09,
-Gioia,
Worried_Sherbet,
MathMagical,
wooch42,
angafeabeta,
milner4660,
almitopower,
MoreGina,
1wsx10,
Majdalenka,
BIG_RUBBER_JOHNNY,
SheilaRachael,
trams87,
Docey,
pigeon_soup,
JerkOfficer,
hugoric,
bignoseduglyguy,
bajneeds,
king_kong123,
pentagon01non,
citruspicker,
jarviewancan,
elisajofrancis,
demon07nd,
Euphrazie,
Jolly-Green,
adorkablepenguin,
Bluetigerpanda,
throwaway97025251,
lallyjay,
matiascavoti,
kaylask,
Vortelf,
Spore2012,
KimCarsonNOW,
O5-8,
condescendingauntbct,
testo99,
stupidshithead,
cutsiegirl,
MilanaMill,
jesusofsuburbia133,
celeritas365,
TheHaughtyHog,
TheReadingFox,
Rae_Starr,
BowlingShoeThief,
Butt_Man_69,
maireadfrancine,
polardays,
wyoming2882,
antijingoist,
CuntFaggotAssRape,
nootralgud,
agentfantabulous,
pfilc23,
Smallnetto,
lovellysunny,
corrosive_turtle,
EdmontonAB83,
Noodle-education,
luckylewie,
sadperson12345,
mname,
FederalAnimator,
Burr_Knee,
24lincoln,
rebel_nature,
Psychscram,
ObsidianOrangutan,
lft-nj,
Julian_JmK,
zac_is_awesome,
Montheside,
xxlionhandxx,
euqinu99999,
demon4372,
wardward12,
nagol93,
Samsonerd,
DeepSpaceQueef,
Romeodog3dbrain,
EdgeRosie,
IrlenSyndromeF,
heyitsmeyafool,
AineMosh,
Al-anus,
butterflydirection,
probably_wrong_but,
Trekkie200,
ktaa,
lifeshard92,
wuv_woo,
evanh13,
Zhurabasina,
Mrs_Wassonwheeler,
daple1997,
HelloNobody,
Noir_detective_,
EvanBrownDM,
zingipbu,
CaptainTangent,
Zmanbolt,
photoengineer,
dutch_gecko,
jlevy1126,
Cranmetouch,
viperuk80,
questionerofconcepts,Mutiple
agym,
pyther24,
Mad-Moon,
Makeupden-,
AshaNyx,
Pelly,
atiqazad7,
DmitriyL,
TroutSummer,
glg444,
spicemelange_,
foolish-bastard,
LukeBK,
Anthrodork,
kcg,
gayvoter97,
Radical_Rick,
sniperpenis69,
PmMeYourTinyGirlTits,
Dysscrib,
Yourmemoriesonsale,
kalekold,
bncreddit,
checolo,
Nezumify,
homegrownhippo,
flufferdood,
randomb0y,
tako-yaki,
liotier,
Big_TX,
aladyinneed,
istruththetruth,
Shanin235,
WorstSingedUK,
nicskins,
feverish,
jruddle,
halkeye,
rashel2429,
AEIOUNY2,
snoopshit,
zzJolly,
triadne,
Zarniwhoops,
beckytherussell,
Frogmarsh,
EnglishBookWorm,
HumanoidRat,
michaelhart97,
incendiomaxima,
teacher_tech,
IamJenface,
ChunkyCanucky,
ryannayr140,
1000100001,Mutiple,~The Dyslexic Nerd~ Multiple,Dyslexia+  (LD)
Curlyd,
breakmefaster,
fivethirdstwo,
rb2904,
sandydragon1,
yankeecandle1,
DonQuigleone,
pixel67,
HateTheKardashians,
Hohsia,
Dyslexial,
jennile,
n1t51rk,
kamakiri,
manaugwashere,
sandypeaches,
OhYeaTotally,
finessseee,
dogGirl666,
tulip283,
KnightDuty,
LazyLinkerBot,
ihavesomething55,
MrTompkinsEdtech,
hollytfn,
mrafroman,
yspir,
earthyearth,
Nycidian,
jrocktheworld,
zombie_owlbear,
dapme,
gabrookes,
nlemaire,
mirrrje,
dylektik,
missredittor,
MictlanTeaParty,
thewayupishell,
mattyboy37d,
EnableNeeds,
Big_girl_panties,
croxor,
Rainverm38,
gkalieb,
CommonMisspellingBot,
chrichav,
isimone,
AntDogFan,
vernosius,
anothaplainjane,
DerpHuh,
gustavdp,
johnsonleak,
LilCasket,
biffsocko,
brandonthebiologist,
Born_again_agnostic,
MrsbearBP2,
Hidden-Abilities,
martythemartell,
liekwaht,
nsfacademia,
ShanksAlteretta,
menpubi,
schrockie,
PHKGIRL,
Timid_new_guy,
kristofolas,
JBalk9000,
Chris4,
Dreamancer5,
Stoics1,
wEiRDAtLAsT_,
weltraumfieber,
dandouny7,
autotldr,
ButtsOfficial,
bazoril,
lurking2wastetime,
nverba,
teenmomog,
Southpollock,
beh1913,
blaberly,
daisyb134,
FauxGw2,
Teh_evil_spider_ham,
eeny_meeny_miney,
darkdemon721,
orincoro,
Ramboelfisko,
saharaniamh,
dyslexic_melon,
Gabbahey75,
zerbert111,
stuckinsideamuffin,
bujera,
jmkiii,
Kr00gr,
glenkap,
amidyslexic,
Candied_Vagrants,
Diasparo,
BlackAndWhiteMirror,
AndyDufresne001,
Old_man_Trafford,
anethara,
lionmaleek,
Link-Help-Bot,
JacquesDeMolay13,
thenorthwinddothblow,
Alpha_lemming,
hitapo,
GlenSH,
dyslexiadad,
yallqwerty,
JashDreamer,
40_ton_cap,
TheWinterThatCame,
cambrianwhore,
fischstickz,
identifyingdyslexia,
ILOIVEI,
crummy_wizard,
Testtubechimp,
mawonauincycle,
RufusEnglish,
Tainlorr,
Giant_Lizzard,
BaroquenRecorder,
robdemarzo,
88FLKeys,
whitebunny05,
TheATLien,
waswo,
GoodBot_BadBot,
gritcakes,
kittygkn,
throwAwayObama,
soulname,
papnvleis,
robinmichelle,
Beachmom2,
eyeglassgirl,
Yy3_t_W5_8iX,
myusernameisthe,
neonblue3612,
Cyrus9586,
elmer_the_arse,
boringusername,
lovelyfrenzy,
withlovejulien,
iamfedericofabiano,
RenoIReddit,
Mabzyie29,
pamoristia,
duc_evo_sp,
Eeli100,
robhall,
Morrtyy,
dwaugh06,
-Blink182-,
kevingharvey,
Winston_Hitler,
XeniaY,
cancerianer,
impe83,
evilthing45,
BufferFishDNA,
lostintheblue,
floppyfla,
Iamanaligator,
sunshine8129,
Hana288,
eka83,
IamTodhearmemoar,
throwkP5pH,
DyslexiaThrowAway207,
FootballNewb,
Goingoutout,
Crainbenja,
counsellinglondon,
teacherman9000,
fishsticks_aj,
R4P3FRUIT,
Ropeaddict,
berrieds,
tcush89,
Dcab,
Pl0x69,
PlayingJosh,
heyLama,
achristinax,
Ms_SparkleKittyPie,
drake_dragon,
evilrobotdrew1,
Robert_Gabriel,
raconteur-of-repute,
tkitten,
Duncan_Thaw,
kistara,
Leg0z,
