BristlyCat,
ProductivePal,
busybrain1,
CuriousXXChromosome,
jdw985,
golgi42,
stutteringbilly,
shuttersawningsand,
lewis94afc,
mojoe1000,Moderator
lovefiend30,
AugmentedFury,
38TBraun,
Wamuu444,
waresmarufy,
stutteryint,
Stammerstein,
soiliketotalksowhat,
Oki-Doki-Doki,
Torkal,
killmeinlove,
ekot1234,
boneheadmaybe,
asmcriminal,
devilplumb,
AnakinShycrawler,
AbortionPunchCards,
fpresa,
achO_O,
NetwerkErrer,
Berry_Seinfeld,
clavo21,
SKGBJJ,
Emerald_and_Bronze,
Deinos_Mousike,
emliv,
crepetown,
IWishSheLovedMe,
ChricC28,
exinum,
quagsire23,
ozar99,
dangermouze,
Sazzibear,
Mlg184,
joshmillerent,
funkypaps,
danliberty,
oneill52,
boultox,
PuzzleheadedAccount,
britinmiddleearth,
Masi_menos,
natabean,
chelsfc2108,
loonymcgreat,
MerktheWhale,
bmth99,
napime,
somehiddenname,
HolloBatGirl,
throne_reclamation,
stman4,
BestShartNA,
HairyAlphaMale,
RoddyMoody,
WaterPot75,
leonico,
Kayno28,
BangerPatrol,
greatsc,
dcneg,
Arrtiz,
ShyGai83,
yourbiodaddy,
claypigeon-alleg,
ogionthesilent,
supremeshopfronts,
tolstushki701,
phineasforest,
pbro23,
zerosignal,
Seizure1953,
SamWillsy,
achrist14,
StrugglingOrthopod,
becausebees,
upupandadam,
WeHateWe_,
WaffleMan29,
CounterinsurgentBvd,
exjr_,
katietheplantlady,
CDWEBI,
zfredddy,
LimbRetrieval-Bot,
pappyon,
cschliep,
2018MMO,
NowYouMustClimbAlone,
halftwitch,
MyLifeMyThing,
eitronjzsdmg,
GoodBot_BadBot,
onibologna27,
LamanationModel,
BlankCardRs,
FleetingSorrow,
curiousaxolotl,
peskypotato,
pjegav4,
mrkeifer,
simonetheone,
Shapez_,
CrAAdle,
Pickle1996,
thejordan92,
aeikostx,
FruityNuggets,
LambtonCDAs,
Chiotto,
calmroseviolentwind,
Ryanm715,
irafl,
Fueld_,
reddit_butt,
c0sm0nautt,
windycz,
sunnybunny2536,
maneceel96,
foolmonty1503,
MyEyesAreUpHere69,
btharmony,
WAFFLEOFWAR,
Noeck,
LakeSnake20,
GrassOfBlades,
marinomanx13,
Lurial,
James_the_XV,
currygod,
RandomUser_2000,
Charleston6309,
pebblesnmarbles,
John2548,
intaminfanatic,
zach216,
enicorn,
Zulfiyez,
ResoundingEcho,
canhekickit,
Vowz,
MidniteDelusion,
the_cheeken,
lolofit,
crunchypapertowel,
StevieOcean,
aida_b,
kwsdn29,
Gabi_G,
Voctave,
MattDerrain,
johndav900,
dragoslavaa,
non_existent_pluto,
djferris123,
MattJak,
secondcityspeech,
Ferrarius,
hoodfantasy28,
MySFWAccount_,
helloistutter,
TentacleTim,
ilaec199,
tommyacea82,
icinis,
legitkid,
Moomyeong,
Dewardalot,
stutterman10,
ajaxConfucianism,
zbrady7,
Phantosmist,
youngboomin,
joddvacado,
Stuttering1234,
blim320,
Stussyr,
Rowork,
tierica,
blazingdarkness,
korside,
scottet17,
Jagekons,
JubaDood,
12capaldi,
Yzack32,
AKenjiB,
vcgomes,
Hitmanjw96,
ubadair,
iAmNeverRight,
HeyThisIsAUsername,
locks_are_paranoid,
jar1792,
Rockologo,
kgprice11,
BlackTmartn,
my2secondaccount,
Reynbou,
SHIN_med,
WeAppreciateYou,
lfitbian,
kou_kou,
awhit1818,
WeightLossIsBoss,
broworwa,
ismaithliomvag,
Nofapproof,
Could_Care_Corrector,
Luficer_Morning_star,
awlas,
RaspySalamander,
Philliphobia,
kiran49,
playstation360,
bito89,
snackerjack7331,
slytherin4981,
Pooj92,
superk00k,
derleth,
air_filter,
TrumpsVP,
jgmce,
big_guy_4x4,
Bizler74,
swervin87,
alwoods2,
jeepeeQC,
thephantommullet,
showerfart1,
Newmail99,
Sonata2,
obedienthoreau,
HACKANUT,
schmool,
DementedApe,
pomegrenate0,
transidio,
dlmarland,
Running_Noodles,
Speedyco,
mrwagasom,
bromero123,
iciaguy,
kelziie,
Corzo3521,
futsalmaster,
benzay,
romansnezhko,
damnimgoodbitch,
johnjones122,
brunk_,
rcrabtr22,
TheMasterLup,
BenJohan6,
Dkone23,
matrixman92,
glorkcakes,
rakuz,
alexrepe,
Donna8390,
KissMeImKappazoid,
Ahmed-kabbary2015,
brothernature487,
SirWhitemeat,
kstrak011,
DylanW99,
nedder83,
navcard,
Sogeking104,
The-Stuttering-One,
Balabaristas,
RyanBaron86,
Gazzyp,
the_beebster,
JonesyRules,
tomocchin,
happymess7714,
HanMue,
Chico75013,
thrthrthrthrrrowaway,
rpvp,
max_mo,
applesto0ranges,
mikeyp_88,
ribazley,
lakshaydhupar,
Badrightknee,
Organic_Peach,
tucktuckgoose,
Algernoq,
_SamAsh_,
Fewz,
Mahimara,
openmind117,
Elyasaf123,
Cwakefield2216,
Henakhan9635,
cutiefeedee,
kay-dee18,
kevocitonakis,
stutter1,
HazyGaze,
searchingforakayak,
Eggsy41,
Stavis,
gamezy21,
Arazi92,
TheWrittenChild-FEP,
middleschoolspeech,
TheIronJew,
my_stutter_account,
kblubo,
Kinglens311,
jkforrer,
skend,
throwawaylegal423,
Misty07,
BFiegeSLP,
Slowmac123,
AzureYeti,
goingtothecircus,
SilentWolf_83,
thedcflow,
tauntfinger,
Mr_Tohtle,
straitdick,
sunnydlite,
pollutionsinmyeyes,
doctornub,
TOSpeechPathology,
darthrich,
renaisseance,
Seasunn,
Chobachus,
Malfoxx,
beardprof,
zFlai,
throwaway_Q3_,
TakFut,
ISleepOnABed,
soleil-alcyone,
icetea66,
Bartelar,
jimmycrackcorn123,
belglopa,
TimStevensEng,
merkman,
bOODRO87,
Mepyh,
fitted,
MrAgrim,
HappyMel,
emile-ajar,
Samuelon12,
xxxlevtacionLA,
The_One_Nerd,
jumaid,
holysoso,
MyBrainOnWheels,
Iskahylock,
Lodgik,
Flyingmonkey_85,
klinktheviking,
buenavista62,
dillylemmocks,
barayatsukimori,
Guiltyascharge,
Meloman0001,
dancurr,
Jaeger__85,
Shipless_Captain,
Blade_runner_1,
manwithhat2,
tidder_reverof,
DrFerris,
TheEpicPineapple,
The_darth_knight,
Kryp2nitE,
Informationpower,
alluding_to_everyone,
steaksrus,
speechtherapytalk,
sangytheWinner,
GreeneScreen,
xcampbell,
moderatelysizedmikel,
Broca_Brothers,
ferociousplayer,
ricardosilvestre,
PhilGarber,
leovirgo,
itarachiu,
scooterham,
dmackerman,
Daddy_Donuts,
MikeDuck1,
neededconsideration,
Ciductive,
DoItForTheGild,
Nolanoscopy,
mgs8,
_valtiel_,
CooperArt,
Roxerboxer260,
Bronzebar,
FILMisLOVE,
gutter_baller,
LykanSquad,
Ailuri,
StutteringAMA,
imgurtranscriber,
Kirneli,
Feel-it-closing-in,
hd339,
StammerQuestions,
throwawayaway59,
FromMyTARDIS,
NEpacsman,
ThegreatandpowerfulR,
whosthatoverthere,
Jaredmf,
xlimodriver,
Qohap,
I_Am_killua_NA,
tchemie,
PBJellyghoti,
SpeechQuest,
Khanfushus,
Chris153624,
WhatAnEpicTurtle,
serendipitybot,
Ringbear01,
Prov2229,
Since_i_am_23,
bakercameron199,
scerchiari,
AltyMcFarty,
Gille01,
Rekterino123,
WhyBathe,
scottsanett,
Padante,
berryperson,
smb63097,
bikashupreti1,
MortTheBish,
publicstaticvoid42,
bigdawg1017,
LOLSICKAMENTS,
rollsroyce123,
Johnlivelife,
BlackJackCo,
prairiewizard19,
edgarpokemon1,
WyattEarpNS,
ILookAtYourUsername,
redhotspicyjoe44,
OptimusPrimeDied,
phirein,
moorampage,
jamguri,
starbaaa,
hasiemasie,
CaptainRedbeard85,
laniscupus,
SloppyFlopper,
dlcjr1775,
teflonrobg,
draamon,
ArtesianSquid,
SufficientMeal,
AmeliaPond_T4R4,
transparentwhite,
herbage923,
makaton,
StormyTroopers,
orange-pk,
SimpleGameOfGenius,
DigitalDice,
thatglowinglight,
bigdogxxl,
soleyl,
garlandeau,
zaidka,
boredgirlslife,
Turof,
Ayoub_Benchemam,
Strutter-Shrink,
IntuitiveBinks,
Saskquatch306,
Hedgehogs4Me,
AwakeOnMyAirplane,
tropical15,
golfnllama,
ajtexasranger,
PonkiPonki,
grassernest,
notlea,
D3ADU,
drunkbarbie,
BodegaCat1,
Tealwisp,
palimpalim900,
jackedOWL214,
DropkickBirthday,
jessrae7,
MakesMeSmirk,
BatthewMased,
emilyhromi,
bjornerik,
ryanders39,
sad-king-billy,
stutter89,
rexy_unchained,
Clarksonforcaptain,
Jvseukkbduokcy,
abiii92,
Tom_2004,
GigantorRS,
RazRaptre,
RicoculusPrime,
Zetoo2,
gobberpooper,
zoom1zoom24,
duburrr,
alexsteward2002,
Gunnulf,
a-throw_away_account,
Ay111,
sioux4,
ethanjenk,
DelicateDumper,
rosie-roro,
jawshooa,
jacqud,
Iron_bound,
Hunter_Orion,
DVNYBEATS,
ingilizcecumleceviri,
ziggyjoe212,
swish_,
fishmanscoop,
theif519,
TalkThatTrash,
leccywiz,
Work1N,
Ijustshitmyself1143,
Yaegerh,
june_autumn,
HellhoundsOnMyTrail,
IorekHenderson,
Hungdae,
drFawaz,
zxtuner,
my-th-th-throwaway,
Myrang3r,
numba0,
Obscene_Elbows,
420banditforeverbat,
mdchap01,
bearseatfishes,
whezzan,
ATM05F3AR,
vader404,
Neoguy396,
Steven2k7,
jake40509,
JJJL,
TopAlternative4,
dhj0411,
anti-gif-bot,
treesandmountains,
archirekt,
wellwellitsmel,
virtuosomc,
Existential-Funk,
cip81q,
npaps712,
reelifeproduct,
jtangelder,
metalcheezburger,
Nihilk,
RadiationTitan,
2Hanssen4U,
speckrex,
nylongold,
Sagemaster124,
Notsrsx,
Death_by_pony,
imPyraminx,
king_of_blades,
FloydRix,
Light_Speed_Learning,
thank_mr_skeltal_bot,
mmish,
gugiyav,
Im_carsten,
Edriss562,
_AnObviousThrowaway_,
Gamingviper,
gjakovar,
jaybyday,
BenJammin865,
99_percent_right,
deckartcain,
goodbyehabitz,
babyredpandas,
DerBigShtinky,
NotReallyKid,
JustCallMeJats,
brownpoupon,
Engineer_Dog,
frisbeebcr,
Agavlismy,
Sackboy612,
OutsiderHALL,
Jebjeba,
jupiterseventh,
questioneverythinggg,
ikeveles,
bsforever,
TXChainsawKiller,
Zimbab12,
Vince5454,
RazorThought,
xxfactory,
was3dev,
formantwomant,
nirmalnak,
adamcampbell16,
SnatchBK,
ringrextmon,
wag1cuz,
reddited_bullets,
R2Deepthroat,
snowcroc,
MCCarmen,
zebulonholl,
neworldLT,
ecksbe2,
blaxican0,
simoncpu,
Ralaev,
shunsugihara,
meanruse,
swiss_moose,
dark-marouane,
KlausRaynor,
qwertyasdfgzxcv1234,
rylan_1959,
reds_got_soul,
fin_anc_ial,
username-taken1,
mightymoshin,
K-ali,
refunned,
mirlag,
exstrive,
Marcovanrooy,
BengBong,
a_sneeky_beever,
jaysker2018,
murkyparker,
D0nopo,
obeyposse,
MenaceTheIntellect,
whatisthetime,
cheybreezey,
Vaztes,
stutteraway,
Fragil1ty,
y42jq53pe86kf79,
THE_IRON_CHEFF,
letscrackthis,
Mrhiimdarragh,
JzKy24,
s12901,
gauldan,
yoyogipark1,
limon900,
influencedbyyou,
takaiishi,
SirPassi,
MatsAshandarei,
Rickety_Cricket_87,
vayvan,
whoaanelly,
FourMissedCalls,
MilkboyFelix,
LePieroPi,
Thehunterdog,
SportacusJ,
jman1012,
RUBIXWARRIOR,
itrimble1,
MordreshFireEye,
killerzizi,
ADZIE,
CuteTheCutie,
sollystack6299,
bennwalton,
aatrox_darkinblade,
neogod,
msalad,
GiovanniHenriksen,
toecheese123,
Rak173,
DevilDriving,
waynehell,
anonitous,
_2BRO2B,
MintyMurray,
Pomaggio,
goots93,
I_divide_by_zer0,
xMillzee,
TestableNebula,
mistyriver,
nevergoback1,
MrDodojo,
reasonablebasis,
gifv-bot,
Tanislolo,
learninggrace,
freakwharf,
stupidgambler98,
redfirerick,
TWST_PalmBeach,
-CIA911-,
stutterview,
GRAVITYCLOUDFilms,
chris087,
selorn,
bretthall711,
7uckson,
Parkwaechter,
cglotr_,
NiceGuyArthas,
REtipster,
benskishow,
lemon7,
Spyknight,
attitudeandlatitude,
ThatIntermediateAj,
ItsChazB,
Clwhipple,
I-dont-like-you-dude,
stutterance,
ausonian,
ColonelSlapper,
aceofhicks,
D0uc124,
vmos,
The_dooster,
pecel_madiun,
lisbethplus2,
montielove,
StutMoleFeet,
Dharmabummin,
CounterclockwiseTag,
Dustoned,
YungFrostyBoi,
northzone13,
GolfEnt,
BodegaCat_,
Thetrueayax,
hahajoke,
big_fish00,
CheetoVonTweeto,
RoutingPackets,
Hepadna,
Interviewstutter,
prlol,
underthedome,
0A0X,
spykeman1528,
Sundaydinobot,
petriol,
tokyochimp,
cash_pekka,
JoeStutterer,
capndod,
ShoelessJ,
tonybeme,
javamousse,
flatcologne,
MrPants1401,
jscalise,
throwawaystutt,
maimoz,
akixan64,
rugbyangel85,
aftershock54,
navnt5,
Bot_Metric,
AtlFalcon117,
esco123,
iwaseatenbyagrue,
misterpeguero,
sadderday_thoughts,
DNBlighton,
MLGredditor,
weedmonkey,
thatSTUDerer,
Dantadow,
FlawlessBacon,
clustercake,
aaditya1129,
SkiesArePurple1120,
SaltPacer,
Radiopy,
Tayed,
Bronan87,
lullbobb555,
shhalahr,
Babylon9,
EmreCanClan,
TabulaRasa333,
kidintherain,
MinkaF,
MommysBears,
Jakovo,
ayava_starlight,
furnatic,
mohamedchiboub97,
XaneEvan,
ColombianoBo,
mesmilized,
Bodega_RR,
throwawayaccount065,
nukefudge,
bretw,
feathered-lizard,
MedukaKeyname,
1nazum1,
pez319,
CombedWheatgrass,
CL50691,
vampslikespotato,
ferselis,
bluebeardsbasement,
gabbyzay,
pricquinsys,
SixKazi,
JonnyAutismo,
JustTryingToBeSocial,
MrStealYoFunyuns,
Dixichick13,
3lit369,
Euphorian11,
emanresu_esooch,
cjonesjr69,
jongonzelaz,
El_Chavito_Loco,
darr76,
narwhale316,
june58,
taborlin,
Bimmermans,
in2ford,
gmanlikesyou,
thewinsomer,
sausig25,
MagicalCMonster,
Dedalus2k,
rsnewbie,
stumbleweed,
martintheindigo,
xelaandra23,
OneTimeUser1831,
TerryADavis,
autumnateit,
bdogg54,
mypomonkey,
vladiiii,
thistooktolong,
egocerebri,
97Brad,
jacksonstacks,
ProxyKnoxy,
Architect42,
Aclemmo,
paulpiercethegod34,
joulemartz,
cody_lux,
rkingett,
ephvazquez,
frankhav,
vbstreetz,
Matget,
Jo3K16,
Tesla03,
Reddit_or_did_I,
f4110n,
urban122,
XCCXE,
rTpure,
Muttly2001,Moderator
asdfsefsasdf,
jopp9917,
non_descript,
Logotron,
got7fan,
klabboy,
immitev,
imthekuen,
lurker71,
Grodanball,
AgentLlama007,
MsCardeno,
TongueTiedTurtle,
CeramicCastle49,
Tweekilo,
rajjah15,
FK8628,
redxrevolver12,
bensnow90,
ToastbackWhale,
Maxlabassistant,
Gregfast,
ClickableLinkBot,
pedruchee,
Soflavio,
pnck,
superduck96,
sudeepnarkar,
meridor,
AngryAssHedgehog,
bippertybobbertyhat,
DAnonymousNerd,
FoundOnPerihelion,
caschta,
SmellyTuna,
piratekab,
MaineTom,
BBNikfaces,
BritishFaller,
phiiiiiiii,
Damongirl,
sbrbrad,
seodoori,
thegentlemancaller,
manolo_chomsky,
MrInvisible17,
Oinionman7384,
djfl,
ganercrafter,
toffe139,
abbieismusing,
LilCutThroat_,
Seabiscuit360,
emilio39,
cellodude530,
throwawaypaulos,
RandomQs1234,
denno87,
Funnies_Forever,
dunkin_employee,
Stuttertumor,
R2theUNS,
AGhostt,
socthrowaway098,
leetgirl83,
vordhosbnv17,
danielunited,
LzizDunkonEm,
Seleucids,
Razaza1,
gameover0608,
Stutter1995,
perrycohen,
awejames,
speekdatroof,
thedoorpeople,
CountingChips,
Liquid_Hand_Soap,
Westsb56,
UnknownFear,
JustCallMeEro,
movntains,
the_adventure_er,
Damba654,
ZombieHart,
Dextrone,
muasca,
csxnewbie,
gillesdesmadrille,
ViRepz,
whodamanshank,
Throwawayacc3983,
Supsupb0i,
Lets_go_boys,
____Joshua,
-Mariosh-,
Skizzoid,
optoutsidethenorm,
YTubeInfoBot,
i_poop_splinters,
cloudeddworld,
WilliamSheeran,
SlimmyJimmy7779,
scottsamonster,
sebastian_nofap,
throwaway_Q1_,
mvk63,
StutterinThrowaway,
-Tesla,
dorianfinch,
jbpaus,
southernsrat92,
__Doge__,
TheCatAteMyGymsuit,
Starbucks2015,
joell104,
Pbober,
phstoven,
MoistBellyButton,
GroundbreakingLog,
magicbeanspecial,
corrupt0r,
TW_ME,
RyCohSuave,
imnotgivinganame,
PunPoliceChief,
pizzashark420,
khentimentu,
Tom01111,
haha414576,
novingate,
throwme1212121,
Beastmodetim,
gingershadow,
ADHDandStuttering,
fernguts,
1myst,
Denialishere,
cleo1117,
knowthyself2020,
Viper33333,
whatshouldyoucallme,
crazyoptorduckling,
JjjjustJack,
AnotherAccount1775,
sleepingdarkbeauty,
throwaway35154,
nutbeat,
faolck,
stammer123,
EuropesNinja,Moderator
Gidieta,
TheIsotope,
ranmore30,
germaneman,
jinsei1,
fredg6,
SushiBear,
hardnocks,
Self_High5,
JazzerAtHeart,
Fox-Parade,
Mz2__9Co8Je__m7,
kapac,
llcoolbreath,
CozmoBot,
Mr0range,
hnbastronaut,
thejacobjj99,
gogetterheffer,
FireComedyNSports,
Llama_Operation,
Rubezz101,
monster_strapon,
ttodd1292,
TheGlitterFactory,
NaughtyTaco91,
peacecaep,
8thAveProductions,
RytheGuy97,
jjwoodlock,
chemany,
xc2237,
VeryPrivate,
careful_my_bones,
JoseE4L,
CmdrBoggins,
largeicedregular,
kaiphil95,
cutebabli,
NoHelpWanted,
burner44,
jsantos17,
TheMumblyMumbler,
lh8568,
justaquest11,
histfanatic,
stopseahorse,
priateproducer,
Eyadddd,
Onlyintofacts,
arhogs1898,
snerfle,
shokalokabOOm,
stutteringcoach,
SnoopCM,
SgtNicholasAngel,
virre_ice,
Surrealbeliefs,
MojaveMilkman,
ute4547,
Danooguy,
Woken777,
lun4r,
Lostwhispers05,
DicklessDeath,
click_around,
bigtalker7,
EspecialistaEnCosas,
RyChanfox,
_zpec,
lowfeather,
postreformedpua,
polisciaggie,
Charzzzz,
princeapalia,
InaYara_n89,
Number_8_,
wanderlustland,
hellatightboi,
matchru,
DP82,
pb1988,
RedHeadsHaveMoreFun3,
HiraethComics,
Platinum_Elevations,
dobuzikochanie,
SayingAintDoing,
Povlaar,
lexob9,
THROWEAUYABDJG,
superduperday,
DelectablePuns,
moddedminecrafter,
Fahias,
murtsgrab,
real_deal99,
MarcosElMentiroso,
sagerjt,
BodegaRR_,
jokertk98,
Keith_Penisburg,
visHH97,
yabbayabs,
adfijfi,
Freakyoudude,
Maxkente,
13_monsters,
keppie55,
redtrad,
BrenDemon27,
Umbrogod,
Kristofr,
thatoneguy239,
PeaceGeese,
stuttered,
theboy2010,
Frysaggregat,
Isaac-is-a-man,
Armydude19,
lifteveryday,
marmite6,
FewTell6,
Magequit,
potoes6,
witness_the_beauty,
elevul,
SonOfAMarshall,
sryfortheconvenience,
hinchie,
Professional-Dragon,
Ci3__Tb9w_2P,
heinstein,
biokhakit,
Austen_Siegler,
ALinkToTheReddit,
ohircyou3,
Liftylym,
BatyStar,
Simranjit16,
dftitterington,
sheetsoflenin,
awesomename_greatjob,
StutterTrooper,
sothathesil,
InfamousLegato,
raseulo,
BloodyRevolution,
CoinnPurse,
LilMarc1,
maybuu,
MicrowaveRabbit,
shreddinggab,
GunniNelson,
glitterysnails,
bjbeamer,
_Virtue_,
interwebsreddit,
dangerousONE123,
tyguy385,
svitgadgetiv,
rickyallen2,
mbardoo,
alexshatberg,
Cutmerock,
Gunnersup,
Gbus1,
Dr_Hilbert,
JakeJacob,
ctwstudios,
shrc91,
ImRightArentEye,
JahHomieWitness,
BetterDaysAhead,
slae000,
thebidley,
h4rryp0tt3r,
theawkwardquark,
TSM_Vermin,
Zarithras,
EphemeralSpectre,
Thenaturalones,
ruiesteves97,
TheLonelySmokeAlarm,
Neutronstar3,
The_crowbird,
ronermatt,
TheBumblez,
SummerPhoto87,
throwaway628570,
TrueEndoran,
demonedge,
snowie_,
dlevine25,
SplatterBox214,
CAPT99,
throaway505,
KokiriResident,
nightC0re_02,
kamspy,
troymius,
jazy511,
Burnttoastdamn,
97BradGTI,
Subreddit-bot,
pilitic,
williams6ddh,
OMG_NoReally,
DinoKYT,
VikingN,
JSomethingMakesMusic,
reginof99,
Luvbug2007,
Charolaides,
gibbow,
LacieTea,
iMalice303,
StaceFace91,
combatshadow,
shinsekie,
Ovrcast67,
Not_Gene_Parmesan,
drawerofscrotums,
boombasticlasers,
Mr_Quackums,
rrrredditaccount,
Food-Eater,
CastOfKillers,
njmonson,
Spartan09,
ThisIsABotThatDoStuf,
IllegalDoorknobs,
thegivingtree743,
boxercult,
de_novo_,
mogris,
graybagss,
rohannijhawan,
ATX_FJ,
LuKeYbOI98,
meatyoker,
liv3408,
aznpnoy2000,
moech,
Eetheart,
mdewlover,
so_much_to_s_s_say,
thefoxofficer,
lastminute84,
netphreak,
joeyy17,
DrivinginOC,
m3kr4m,
slycooper459,
Mouse4431,
acidtwiggy,
Breimann,
mabromov,
Firstofhisname2,
hahahafr,
sheanagans,
flyingbread11,
sayewhat,
Marcel_Gerard,
materisna,
KharlosD,
tyrxek,
PennyHorrible77,
sangrealEU,
speakeasily,
MKULTRAFUNN,
UltimateAce777,
blackknight16,
PyroSplicer,
xoebox,
heart_locket,
Emmanola,
mathaman,
quohr,
TheNecrons,
Curryland,
rose-w-23,
stutterbox,
throwawayacc19020,
abandonedvan,
friendly-bot,
lampabs,
Archer_St,
Becauseitrains,
Jeghideg,
rh51too,
wizard_82,
mushinnoshin,
xN33Lx,
0neAndOnly,
TheOne-ArmedMan,
Zaxt0r,
ianolsonsb,
TheXith,
andremac96,
theHelperdroid,
B0tRank,
guzmandota,
shubzz101,
rvrboy17,
clashes4444,
UCLStuttering,
NewLad811,
groundedcloudhead,
silent42,
nvrknowsbest,
dtn4,
K1BZ,
zakk,
wistfulbreeze,
submissivleyAttentiv,
greentycho,
freshwarrior998,
donies,
DanielByron_,
xxzeniith,
Steppenw01f,
upupofftheground,
FalafelRaptor,
NovelLurker0_0,
RickyTheRipper,
dklfadklfjlkldjj,
AvinchMC,
Yeah_the_Boysss,
DoctorWindmill,
conductive,
Tbrduc823,
Worthittofindyou,
jphiphop87,
Jordonrees,
PushTheButton_FranK,
slycooperfan11,
UKProductReviewer,
mrnuts13,
ritu01,
tumblebee_incline,
thisisallsoreddit,
G581,
Metzger9,
bobbby831,
Beer-in-Coffee-mugs,
MLObenza,
boheomap,
goongla,
lunaticsnagem,
Aws720,
mwilliamsonline,
jamesclarke1987,
BobbyLee_Swagger,
The_MF_Earth_Is_Flat,
harryassburger-il,
heythereruth,
Screen_Watcher,
NotSoVacuous,
writtenrites,
shaven_neckbeard,
fullbodywaiver,
ExtremeSpoon,
Hello_world498,
nakemek,
rgeGeo,
whirligig18,
Doobz87,
idontgetbacon,
Aurorealis26,
NickyNichols,
CVarga,
Salatul-Maghrib,
Psilotyson,
dabderax,
kalkush,
Rocksand13,
ninernation53,
moretaj,
glen_of_the_dogs,
LittleCrisp29,
nmrt95,
MrSaiyan_333_,
rootoftrust,
Ftus,
khngbr59,
Leanonberger,
Tspoon,
B_A_Pain,
plainz12,
Zoom_the_Inquisitive,
kcin,
PORTMANTEAU-BOT,
Jinx_182,
Smilner69,
Petroesjka,
sportmodeguy,
pheniboong123,
citation-is-needed,
Buttcrap,
micahjoelberg,
randominternetdad,
Alexandre_Dumbass,
screendown,
HelloDepression,
cufflink-world,
daxpierson,
DJTC,
supertecmobowl,
ArtieHasagoodview,
bluburpancakes,
manukha,
Yumiera,
AFaceWithAView,
CopernicusPlunger,
JohnGranola,
LoserKid96,
mrmattolsen,
shmooshy,
relljr,
The-Internets,
empikonwayqgxj,
NicktheFlash,
fingerless23,
Calebkeihy,
360intervention,
Heisenburg3r,
Titdick_McAnusbutts,
najumi,
stutterstutters,
TheUnderLizard,
dannythfc,
SystemInterrupts,
EvrythingISayIsRight,
speechdisord,
beattun,
jd7021,
semperunum,
Chipish,
Venkuu,
ProxYourSoxOff,
iSurvivedY2K,
aerodynamicaubergine,
MadMads500,
gogglesvancouver,
Oneill95,
randomwierd0,
nom4d_,
Iknoweh,
popov89,
Its_Chelly,
olsotsugua,
edrimes,
complicatednerd,
rbar5,
MrPoptart,
jsaws,
Crookshanksmum,
lizadcruz,
jackandstuzzer,
Va1o,
phunkinit2,
perrosaltos,
Captain_Howdyy,
tokkidaggers,
FatBodegaCat,
seanol8,
sbed,
stutter44,
danbag213,
japonesque,
TRBLESUM13,
FatBlackGuy,
h011yw00d_1337,
queezycat,
BlissfullThoughts,
kabam0909,
WaltSentMe007,
I_Pee_On_My_Wrist,
trenchcoatler,
wtbnewsoul,
TrullsFPV,
Goofyeyes,
mrfabi,
CrouchJr,
MrKDilkington2,
Txcipack,
doloresumbridge42,
throwas3555,
RSRigal,
EpiiCideas,
wow_pleb,
shannonalex93,
243546532,
Stuttering247,
canofdapperdan,
huehuehurr,
meanbreen,
DunedainRanger007,
AnalogBubblebath,
somecrazybroad,
sing_for_the_moment,
LandOfGreenGinger,
singlikeacrow,
mofa1962,
idk123414512312531,
rockefellerSega,
blazekick1,
ChelseaDoors,
wickens1,
bobbysgirlfriend,
thinkdrinkwrite,
DrSAJ,
power1988,
gluxten,
flowfordayz13,
mxnerd,
EmperorKrang,
throwaway32342142442,
pantiespantiespanty,
Trock3j,
cybn,
parulsingh154,
mateogon,
davidthecableguy1,
AssertiveWasp,
roygbiv8,
Bobaaganoosh,
Acer1899,
TechNoob1997,
JillianH,
stepstools_are_mybff,
Faketanandeggstands,
Jif_Fan,
JayJoeJeans,
fripletister,
trickiwoo,
thebaseballkid11,
mrs_nerp,
bethegoodinthisworld,
alwaystitrate,
Musichead2468,
GiggleGut,
compile-error,
pewphan,
kevin_zavala21,
haltonbae,
ahhrel,
oloftw,
HeisenbergSG,
bgirl8986,
PartySatan,
greekgold,
smoranc,
frankthevandal,
cryder555,
vidjahgamz,
cR_26_sLbY_3,
dmonifbtwpa,
Stutterer619,
SavaPvP,
wesleyct,
WwhatWasThat,
Fizzicul,
CaravanBoy,
Haemanthus,
rhianceex,
whydocrocsexist,
Magnabee,
izordelon,
DoctorExinum,
perfectlemonade,
bentheredidthat,
moneyman811,
Sideninjaoftheyear,
bgizzle209,
whackedoutshit,
DerliciousSalad,
Serling,
Leww,
Blaat85,
StringlyTyped,
miliseconds,
MOE37x3,
Ajlee209,
CrappyStoryteller,
mountaindwelling,
AccurateLettuce,
shovelsocks,
hyperbolic_orbit,
phiber_optic0n,
thelustyargonian,
SpiderAMan187,
the_irish_kid123,
AltSain,
Oneironaut_X,
s2k2k3,
Lollipop099,
RavenclawDash,
Nuke_Gunstar,
Xx_WeebslayeR_xX,
stutteringchat,
g_rider,
SirLinder,
globalist_neoliberal,
moelester518,
ivna1,
stutterer_m_25y,
Blackmarketbeagle,
TDKshorty,
taicrunch,
Sigep279,
Axeliciousilizer,
Tolbson,
dporiua,
ZordonFreemanI,
BaconMoustache,
Fuzzy_Gremlin,
elephantwhiskers,
flyinghuckleberry,
iReddit2Much,
Kstigma,
ThanosLPG,
ronstig22,
MikeD-,
stutterer1,
teenyweenypeenie,
GuitarViking32,
cirsca,
astrapetas,
darwin1859,
aboutpeak55196,
PodkayneIsBadWolf,
fatefish,
Lil-Turbo-Huncho,
stutterblogger,
dnmthrowaway78,
jordm713,
retinalrivalry,
inFamousCheese,
pillowwhisperer127,
1138gabe,
7r0a6,
VirtualBoobs,
3xtr3me123,
PhantomFuck,
MrKentman,
cripple2493,
AnRessur,
mat101010,
BoltzmannBrainz,
noga26,
kaylathegemini,
marya1351,
flo_vonderuni,
TanyAntagonist,
OGxRob,
BLKD1aM0nDs,
ohnoshaco,
AaronsBestFriend,
mrtillum,
Evelina77,
LukeTheSARDog,
MRnieblas,
sdvega,
michael5666,
Caustic_Cake,
gaebolga,
jch273,
beautyxxlove,
Lcmast,
MotorboatingSofaB,
rmelter,
spliffandtea,
LetsGoEighty,
thedarksidepenguin,
LickitySplit939,
stutteringthrowaway3,
shreekingeels,
Stringmaster29,
Mst826,
zackbellerive,
theAmazingMamaGoose,
iminawhiteroom,
EpicHamMan,
hydro666,
JoeBidenBot,
TheAudioAngel99,
approval_seal,
Super_Elephant98,
nathanMOFO,
kasert778,
jagakava,
falas4eny,
azertuni,
dilandy,
totalyredness20,
rubyrockwell,
ThatDudeJay_,
Kim_Block,
xeramon,
lying_truther,
aForeigner,
R4_F,
randomdallasguy23,
scumfuck-no2,
brendintosh,
i_bang_lotion,
hilo8914,
j250ex,
emma-stones-lisp,
alotabot,
okanieaba,
roycee000,
SurpriseProtagonist,
ahistoryofwestern,
quest4growth,
trodapen,
nolemarin305,
limemil1,
waldsh,
osheepure,
hypothesizerr,
bennyj_22,
juniormint88,
acf137,
Nc8__5Jq,
thermajermist,
harlesc,
JSRF17,
photomorti,
Illmaticable,
zeldahalohellyeah,
hikkikike,
MileNorth,
wildmans,
pickuptwix,
W4rrior_p0et,
MyStutteringLife,
StutteringBlog,
anon_87,
yepdonewiththisshi,
troian,
lukewarmwater09,
_lbowes,
ifisaiditimeantit,
inhale_slowexhale,
Chase6201,
0marIsComing,
Amateur_Overlord,
nikkojran,
UndertheBellJar10,
qazpl145,
Sweetbubalekh,
BrocaBrothers,
Isentropic_Thunder,
spiff73,
Vendetta36,
ButtsPie,
waterbottle73,
hockeyusa96,
cosmickittybubblegum,
concernedHR,
thindarkfigure,
swezzterdingaling,
SC1-,
throwaway98433,
jradd09,
HerrelZaneth,
RelatosSalvajes,
Starquake20,
TidyBastard,
penguins8766,
RustyRobot320,
JuanMutanio,
wildefan,
Valyrios1,
princesspeachspeech,
trunolimit,
rand_guy,
tatteredrag,
fallowminds,
sobeisforlovers,
Polite_Users_Bot,
dukethepro,
comm-titan,
Iambecomedeath1,
radicallight,
Titanic_1912,
ShoK679,
CheckMyBadSelf,
ListeninSterIo,
JR6461,
WakeVajZet,
profchaos83,
SugarTitss,
bluez0r,
TrippinSound,
fam18,
Jennbear3,
VinTanky,
sketchy7,
thedancingchemist,
Capn__Morgan,
Ninothewhite,
creamycrops,
Karsami,
WallyMcWaffle,
allegedcoffee,
ErkaBerkaBoi,
freepzy,
tragoidia,
fruit_tea,
IWasASurprise,
SkyBlade79,
accordion55,
beatitwithahammer,
Ozzy_97,
Oddy_Nuff234R,
justa-random-persen,
crass_cupcake,
Huddledhealer,
EbonySwitch,
RoundThatIsShort,
CuriousBob97,
greenrag101,
mrvico13,
Velvet_frog,
penguinsarefun,
throwawaystutter,
1fastman1,
gameoftongues,
medisin4,
abethhh,
Clivebw,
DubC-Ent,
EndingBurning,
VeryRetro,
majesticwooper,
blottfor,
Ucancallmeapple,
Nomadic-Kanuck,
Sandplatypus,
sambonious421,
rurouni1989,
StutteringThrow101,
Macrowaffle8864,
TiredNotTired,
familyguy20,
riverplateriverplate,
TouchMyDuck,
Dokterclaw,
Nicolejess1,
LoLCrafting,
THROAWYAUWYBJD,
jane_q_public,
unapeelingbanana,
staffs,
ShadyBearEvadesTaxes,
womax,
devileyez991,
Petra1972,
Gortex9991,
SirOswego,
WoofWoofImADog7,
sabrina_splits,
kingbriank,
_East,
VoteJimJones,
SstephenSstarry,
Spring4Daffodils,
samsamxx,
ferrytale69,
murfettecoh,
sch15m,
punkbop,
satzioflax1,
Bindestrek,
DavidABedbug,
Jahwn,
mayaanger,
Psorosis,
Made2Measure,
ravan,
doggobotlovesyou,
abou824,
phxsns1,
sikinaiki,
TheRealJVP,
Finneganswake108,
kelvach,
Wotastorymark,
eSanity166,
dicklessavenger,
goddamnkoalas,
brethal,
MalakiBaku,
somack87,
Zormut,
elixir24,
EveryoneElseIsCrazy,
ZootSuitReddit,
Jozef_,
Synpheous,
Reprobate_Calvinist,
Kawaii_Agro,
Sharpy166,
username734269,
Tjorvensnorren,
ni9e,
lisawiggum,
hugoelmariachi,
throwawayk5zq47j6wd3,
asdfWriter,
tenlee89,
knockonceforyes,
Mimicubus,
NuScorpi,
youknowyouknowme,
Adgfs,
Chypsylon,
SweCracker,
Envee18,
diggingme,
Lucdollar,
Kreiger81,
hoodieguy226,
ChiNix87,
speechtherapyforyou,
AK_Nikodem,
one-oh-one,
tuner_metronome,
inefficaciousgamer,
riverhill12,
NotAidanmanAccount,
Alwayswrite64,
mister-bad,
storyuntoldpod,
seventhandgreen,
AceEntrepreneur,
idiotgamer2004,
rifenbug,
whatisgoingon007,
Dingleberry-Finn,
autisticasshole,
monomodo,
CheleMoreno,
manskies,
excit0n,
mctommy,
goofolph,
ISO_Life_Advice,
pm_me_the_donald,
KevinMcCallister,
Grildrak,
Lifemuser246,
Iringi,
rssgoodman,
ThatObeGuy,
LatvianPotato17,
Xc0mmand,
SoulSp34r,
yeaok27,
Noirscape,
Scottie3Hottie,
nihilusthe5,
cymbalxirie290,
underswamp1008,
Skywalker440,
Salmon_Wizard,
jergin_therlax,
onlinemwilliams,
thank-you-too,
etcomro,
Dismantlement,
booka_Lasch,
sethx33,
RelevantJesse,
Ronecore,
oscarxvita,
thoughts1212,
gucciaf,
orch_dork_,
nawitus,
RevBendo,
The_Sammich,
Makuna_Matada,
JasonDeeLima,
theclowntown,
AHumanNextDoor123,
daniocea,
CHughson84,
ynocfyinco,
JaiShutters1,
tatersandtomatosauce,
Narwallbacon,
lilythebassist,
bry6nt,
speechie294,
freddieoh,
agonny,
czetamom,
Mdhennessy,
Meteghan1,
fourthofjulyplumes,
Henrage,
lcpd925,
Zaphodsauheart,
wowitslate,
B1acksocks,
sdouglas12,
myof3boys,
DavidHardcore69,
Petra72,
EastofAden,
Stutter12,
mkh31097,
maxmaxlove,
Uviation,
alwaysonmorphine,
Notmyproudestaccount,
thelonewanderer44,
oldmusiclovingnerd,
koreansoup23,
CTware,
Micahthaman,
moominpappas_hat,
sessman,
IAmZeUsername,
miraclesAligner,
lotemax,
Joefastlegs,
YaBoiEtime,
pho51,
rajathewriter7,
monkeyevil,
joooojooo,
warmcranberryoatmeal,
xerxes2178,
hukkit,
WindyRose,
dizkneelande,
hurricangst,
inchiqui,
Ass1kn,
AAAQWERTY,
Bobbyj1778,
Zimited,
IcyBorder,
gee493,
BoneZoneAlone,
prasannadna,
F0MA,
Redfourjohnd,
LitJackson,
Jay9520,
p3pesilvia,
koma93_,
mmpicart,
hashbits,
asardiwal,
Boundless_Seas,
crimsongold311,
Sean-Spicer,
DoughnutBling,
AnkenTEM,
thinkstoohard,
HerbalJhana,
GLeeJr,
Skooma_Joe,
CoolEmoDude,
fledgman,
garethspictures,
superstrike12,
astorah,
xXxClownTrooper98xXx,
Jdisgreat17,
HeyYoItIsThatOneYeah,
preredditor,
undergraduateproject,
busybrowsing,
indigoelves,
studio30,
MishaNH,
ds_life,
Tristamv,
Dandan1010,
justdudesbeingbros,
ThomasInPrint,
BlueberryWRX,
BardoState,
WikiTextBot,
gkart2890,
AaronJayThomas,
THRWOAWYUYA,
seanmaccumhaill,
clod_firebreather,
Icyheat3,
_heartPotatoes,
wheelcor,
Carbonkid,
HighwindMark2,
touchingthebutt,
Kingslayer84,
HeimerDongerz,
Cool__Flame,
matt13579,
IWantForgiveness,
onlycommentsX,
JimJoeKelly88,
SquattingCoconut,
Shotzzzz,
parallelpolygon,
me_bubby,
ajasher,
JobsHelperBot,
SentientAutocorrect,
Awotwe_Knows_Best,
RubbishSpeakers,
shen,
peachesnocream,
amarrah,
Stage5Cancer,
TitanRD,
steaminhotcovfefe,
analbastard,
JonnyMonty,
Elvira333,
mukhtar456,
mental_explanation2,
C-14,
MediaFrog,
Eagle37,
SallyMason,
sebastianrenix,
LilTurboHuncho,
mkharp80,
popanon222,
heroicintent,
osmnshkh,
stutter_throwaway,
kvan15,
birdmansandusky,
Kevin2319952,
Aj_For_Now,
Maglag,
Antikickback_Paul,
Rdigi87,
emilance,
PinkVelvetChair,
PrinceOfTruth,
existentialpanic,
ii_Marshall_ii,
Pipezilla,
monkeyballs123,
TipsyMipsy,
On_Reddit_In_Class,
TheMelodies,
AlWhit95,
ProfessionalSnacker,
KillerBunny_Facestab,
Cheesymon88,
learninglinux123,
LitAndButterflies,
JP200214,
Adiokidd09,
Flecker_,
fathergazza,
mechanix86,
ljm0104,
jajoyc,
NARCD3,
ph0xz,
greenishbanana,
idontevenknow_-,
sky4211998,
kK_8_5Zj9Mr_T,
dougbricker243,
meraku,
LeDogger,
Bastguest,
jpuff138,
RSB93,
salty170,
melonbao,
duonghoang2709,
aomt9803,
Varaan,
GabrielPaul,
Ryukyuani,
SharkArtillery,
AlgernonGordonEffect,
Whatsthepointanyway_,
whatsinsidebone,
CiliaryDyskinesia,
Vadasz7,
RollerShades,
inseishabol,
bmc6472,
SpaceCadets_MIA,
greenlion98,
SC275,
Squamben15,
thehillking,
Tristenramirez13,
Ejashba,
Sterkur,
FreeBeerTastesBetter,
DLinthwaite,
NissanGT77,
CowgirlBebop575,
cmsgreek,
KeterClass,
N3uros,
FeelingPage,
DMarie88,
wimpyarms,
rickcisri,
horseplain,
petit_bleu,
phreak_it,
Electrical_Ostrich,
lesenpaikun,
nuggetlover99,
ethan_dive-main,
monikafromthatsummer,
PascLeRasc,
theycallmechristmas,
fedur,
TwoFaceGames17,
Exuvium,
THROWAWYAWYAYWYAW,
dataguy12,
ARajashekarReddy,
mancin,
Megg01,
Kooobbbeee,
sneakpeekbot,
RichyKnowsBest,
matafubar,
ststudder,
Aidan257,
GaneshEknathGaitonde,
hipaa-bot,
throwaway636_5,
andresismo,
Hearingaidsolution,
theastronautical,
plzz123,
absent_monk,
Franchyze22,
abcjmz,
Neodamus,
Jdubya87,
SaeedShabazz,
simondaking,
Beastmodehulk,
Electronflow1,
stridemat,
birdwithleaf,
Swaglund,
neo45,
cuellar01,
neverending223,
hudz03,
mayo_celeb,
das_enzo,
pjabrony,
magenta-hat,
StutteryG,
eleventhjam1969,
TooNerdforGeeks,
methodsofchaos,
nightnath,
The_Ego_Is_Ugly,
agamagarwal,
Arawn-Annwn,
tsphan,
mykart,
OllivandersAssistant,
speechington,
DrDieHard,
JordanHunter23,
ThrowawayCuzR3asons,
clem84,
skruppy3030,
toFret,
papertigers,
ItWasOnceWritten,
Doobers,
urbanburning,
bonzaiferroni,
Dubonthetrac,
Houston2NYC,
dsuave624,
IDGTired,
TsarPerhaps,
dddeludedtycoon,
silver16fox,
justinVOLuntary,
throwaway12321321542,
1azlef1,
bigjlm1,
Sendmedickpix1,
AyeWeeLadd,
help_ikneedsomebody,
raphaelnano,
X1Z2,
godonvideocall,
limegreen19,
dontlikeusernamess,
CloudyNY,
stutterdude,
_Space_Ape_,
AbhiDelhi,
Thisnickname,
-Battousai-,
I_BLOW_GOATS,
sepbastian,
mariannenicks,
1v1mebra,
floppet,
FreeHeartBeat,
Hyleck,
d_smitterz,
vladc2705,
lollygagbear,
Not-A-Libtard,
vilent_sibrate,
Robertooshka,
helobenjamin,
bittersweetreddit,
cannonfodderian,
JH6JH6,
KMiles92,
loverofbluejeans,
fudgev2,
rhcp8885,
sy_niggachu,
video_descriptionbot,
dead_indian,
LORDLRRD,
NotgnihsawEgroeg,
kungn14,
Pridestalked,
fture123,
tmbsj0097,
Drummerboy614,
Please-Panic,
buffalo_Fart,
skullknap,
zwitterionMD,
clrover,
jerryandjerrysizzler,
biscuitybase,
rindetta,
amlb146,
learnerrr,
tvovertaken,
mufaaFAT,
v1asfc,
Siramasile,
WildZeroWolf,
Dreamiekid,
GJJP,
YoungAdult_,
BodegaCatBK,
ihaveagoodheart,
Scatman_J,
goodtrash,
maceilean,
RebuiltTitan,
wildhaymaker,
bioguy212,
Nixxee,
KingSmoke,
nofapwhilerunning,
mybeautifulrescue,
mesaltypants,
Battleaxe19,
-Mamba-,
simchipr,
joshdholtz,
icbryant9,
Roller95,
Ryantalius,
cookiemoose,
AMKWilson,
dualrectumfryer,
vanitysmurf,
Pandinocat,
alixsail,
WPCLuscious,
Stellingwerf,
SecularPaladin,
RichardJW,
a1mck,
Fimpo,
TurtleOnTheRocks,
yngmorgan,
springinslicht,
eweezy81,
Rynmarth,
SANDGETSEVERYWHERE,
Edcalibur,
justslowdown,
BerndLauer,
stutteringslp,
meansdeproduction,
kobie,
h22ush18922772,
HitEnter,
Whyme2017,
BigTonyH,
kr1shna,
dr_dr_dog,
LFoure,
injekt_bitch,
ApolloDet,
micklure,
Manx1288,
DangoDan,
ghost-in_the-machine,
geekutkarsh,
BluntCharge,
PCBuild012,
ohitzreality,
WetToast13,
BrandonTrigger,
howtobegoodagain,
THROWAWAYYASYA,
Clauderer,
raekwonthedeaf,
jasiones,
hotdogqween,
kami_kambua,
hayesboys3,
Hoak2017,
thestonedskier,
HymnsToTheSilence,
greasies666,
orthophonist,
Oralism,
Knightz101,
gwoftickymsrxzqea,
Hanzo__Main,
Steelsoldier77,
KatiMorton,
Chanttula,
ThoreauInAHalfShell,
drddaann,
Shanks_51,
wehiird,
BassieV,
beejumm,
mmart674,
caseinblunt,
supermaro2,
amrak_em_evig,
TheAllStarrBand,
mrsccat,
runsfortacos,
Waylandyr,
dipta__dg,
omredhill,
HelloAdventure,
Soloemilia,
JohnVonTolley,
Biocode639,
Vmam237,
rzntr,
sart91,
Great-Failure,
friendsandfire,
fsudude18,
13isaacz1,
Iimitedpotential,
Hamzaa_Musaa,
OhZone1,
A_Random_Dane,
ladywiththepurplehai,
vlvdmr,
zealousredditor,
Manant116,
epipeen,
NoahTheGamer,
ChimpanzeeFromSpace,
Pidgycane,
McPatsy,
SquirrelMaster9,
moistmeatballs,
jmbcresearch,
rocats0,
everyu,
ToastFishy,
Acha19,
StrangePsyche,
MitLong,
I_Have_3_Legs,
Squidpert,
Danleydon,
stutterpolo,
anuglyplasticbag,
ApartRespect,
redAllAboutIt,
rm604442,
Moggyman,
bodegacatNY,
Archie09,
RamblingFlower,
Blaat1985,
Madin96,
0fxgvn,
samwise_the_gamgee,
Broan13,
JewRepublican69,
whoatethekidsthen,
Icethorne,
epilhi,
hayblaze,
SilentShouting92,
Solinvictus88,
m00tl33t,
user7612,
Diskz,
Marflaxen,
blvring,
Jaqdaw,
FunkMasterQ,
kauarba,
texmex7,
AntiqueNewspaper,
AStrangeBrew,
KazmiSain,
cornerlogic,
ambi0422,
Zeriepam,
eilandbushxxvi,
Reidy91,
iluvmypups,
unalivepool96,
daniel0378,
treer00ts,
badnewsbeers86,
Byzantine-Emperor,
kelonye,
LetsBeBetterPeople,
ama_me,
Benelli2325,
youngfool999,
Megazoz,
couldihavebeen,
TIG4787,
adventurouslp,
FatSlimLovers,
BanjoThreeie,
FineTrash,
MrMunachi,
triarii3,
meatspinchampion,
marscommander,
John238,
Pablo_G_,
grap112ler,
yoshi11211,
Calax1088,
Rbent98,
mistersunman,
PugThugs,
Synezthetic,
InfirmSki,
lucybongo64,
researcher222,
nshackles,
haikubot-1911,
sunray_selly,
jimbojonny,
my-nam-jef-2645,
SadCapriSonne,
wickedhood,
RandyHardwood,
theor,
regulusk2,
stutterrockstar,
Blundergat7,
Z_Odd_Sultan,
Overlord_PePe,
Ronjeezy,
kyleindy,
kuoinc,
Warboss69,
JDredditperson,
Chekko,
smiffypop333,
wundaii,
kornerguy,
nate440,
Odatas,
ColdHatesMe,
ShowPan69,
stenten2,
bicycleparty,
WriteOnSC,
Writtenfrommyphone,
peter_tonga,
GradientGradient,
autowikibot,
valentino1993,
SlicerDigZ,
Branflakes1522,
Saschwell,
ruminatingstrawberry,
Thrush42,
SnackAddict,
thissiteisretard,
UnicornMania,
Ellizdamenace,
Musclegiant,
youtubefactsbot,
LogicalCreativity,
This-is-obsurd,
Jackalakin,
HeavenPiercing,
livinginpictures,
chocotacoman,
BrendaVine,
goraebap,
Schmidet23,
twentyfourfeet,
ridentconfidence,
mentionhelper,
Nurseyp00,
raddue,
Wilsondontstarve,
StutteringAccount,
CobaTheHyena,
enkidu365,
absurdity4,
Titaneyes,
same4walls,
berkerpeksag,
sadwaves,
Press_Backspacs,
lmbla,
hugeyetti,
Nevyyor,
disablethefable,
canom,
MannyN28,
Gh3rant,
heya4000,
CCAAG,
Dilpickle2113,
Glitterbugtoo,
booru,
ajnfakjn,
killuminati666,
Throwaway51917,
shamilaakhtar,
CanIHaveSomeGum,
megger815,
itrimble,
Diablo1985,
kennyi_,
toteto,
sommefeils,
Dumpalumpable,
clinikillz,
makaio5,
phantasystar12,
Fefani,
Ethan2121,
Anarchytect1204,
powerderedmilk,
kdrkwnd,
hipperman,
stuttering_joe,
Dashznt315,
pahHONEix,
BlueThunder_17,
four4uglencoco,
CallMeMikeil,
by_the_throat,
hehhexd,
muh_maymays,
raguirre1,
rollershuttersau,
sdfkjn,
Walktimus,
group_inou,
johnny0906,
OneOfTheWills,
CrispyBlackSock,
neqailaz,
biceps_tendon,
u8YIXSC43rBEyMELVmH6,
christoferjude,
ssroli,
Mks7077,
User45532,
shawnmartin1,
assenu4reden,
ArseneMcMahon,
joanfitzpatrick,
moosemomma,
gonzo_likethewind,
UnicornToots,
mrwhomp,
1953abc,
inocanspeak,
Mordresh_Fire_Eye,
kevin2r,
UMNfratboy,
retyre,
fritos4life,
pauljahs,
mahoganyBearZero,
CHIB22,
birdcore,
Luly22,
adarsh7,
duuudewhat,
davormajdandzic,
fightthegoodfight17,
ragglefragglez,
tatortot999,
damboy99,
Gladius01,
joeyrezac,
Adleyh2000,
fullofnargles,
Mondreus,
AtomR,
BangaloreMaga,
phazonmaster,
H44K0N,
Strawman_Redherring,
infamousxsniper,
theberdisthewerd,
sprown1991,
w0d3h0us3,
Crap_Bag5,
haro33,
Chingpong123,
sjforever1982,
jamesisawesome1997,
scalpfolliculitis,
Guzmun,
steppenw01fx,
slicedbread16,
TheLittleNome,
ratzenfumel,
lolonely,
madsyth,
keyboard_addict,
IndigentRagnarok,
yourdp,
klambestutter,
azder1000,
bbwall246,
Khalildan,
thedeadwalkx,
DustinNielsen,
Padres67,
Belinn,
1nd1anajones,
LupeTheKiller,
BeloitBrewers,
cheesecakeicecream42,
Nofapsamurai,
Noctsire,
Legits,
Ilikegreenpens,
PoliteUsersBotBot,
Eclipse512,
metju,
BluSniper,
tomcork,
BigBluntsMcBongford,
Racoon__,
baron11585,
DrMrJrSr,
SiscoRAWR,
Brosseley,
handshandyNA,
ms_picklechips,
TheGreatInversion,
mithleshjs,
gmw72716,
fairy-mk,
_anewthrowaway_,
thiskimono,
Axerise,
PlasticDinosoar,
daccurso17,
1234BG,
throwaway1190181822,
A_Pound_Of_Rubber,
DeNeil10,
ThunderRice,
plannerpeach,
austinizzle,
waddupboiii,
ac952n,
throwaway132342,
J_Stroke98,
Vexas,
Bulcosby,
azgoodaz,
mulloverit,
Stutter16,
FloatnGoats,
Drox01,
Lana_Archer,
SquishyTentacles,
MacBeth123,
Sir_Neb,
stutter_g,
Genshed,
platypushorde,
Satyamweshi,
SLPresearchers,
Dorito-san,
SkaKri,
F1eshWound,
MrLongStar,
TheMadDog27,
-Nicoletta-,
Colunel,
signupsignup123,
uhhhhhhhhh_okay,
rentalpep,
leavingT,
Trenocio,
SouthernGlenfidditch,
sersh4,
Boldertism,
st-st-stutter,
LiveStutterFree,
polkadotstars85,
kalbouz,
InspecteurAbject,
johnny-reid,
stutteringnick,
Gahtdangit,
Ethancordn,
TheFrator,
ShutupPussy,
AidanTyler,
Darkneswithin,
smittywerben_,
fsociety4lyfe,
Copernicus__,
Stutter_Rant,
Dog-Groomer,
CharadeParade,
blewdreaming,
Nettflix,
_youtubot_,
TooHoly999,
walle58533,
PM_Me_yournicecans,
LindaHurkot,
uniqroller,
caiugfang,
Rasugi,
Blemish,
greatwhitedeath,
Hemlck,
firesides,
smakams,
Augimmer,
nachoman456,
Vortegne,
ThaKingRelic,
AlexSergej,
theweathereye,
Pewonky,
sydneysam,
Turbulent_Cranberry,
bradmello,
cmobi,
themogul504,
shutyapiehole,
iP_3_g4SM_n2_,
croagunk,
EdibleSpoons,
Lincoln_Hawk,
NoFapGuru93,
helluvastutter,
anti-saltmachine,
meddwannabe,
tinylittlelady_3891,
BigDikBandit101,
eventide_dystopia,
_rasem,
allislost81,
jmusmc85,
LCoinz,
stearl,
TheeBaconKing,
Sibowling12,
asureddit,
peltss,
swedishfetus,
chinedutabansi,
childfreeThA,
IWonTheCatLottery,
vermaelen,
hardik153,
DoctorWhoSeason24,
P_Purcell,
lithafnium,
ertapre,
entegrator1,
Lostgirl2016,
spotted_tail_quoll,
unluckyclove,
nickrct,
jvcbye,
throwaway_Q2_,
prajopws,
backstabbath93,
gg-ezz,
StuddMuffinn23,
everescarolina,
KayJay282,
In_the_bin_account,
talkingishardman,
Sorrune,
UhRipHim,
FredPina,
AlGamaty,
riseabove741,
topaic,
ItssVixx,
toastyalchemist,
kissmysockpuppet,
Link-Help-Bot,
Maxdreget,
gr3gulate,
azoz158,
UndercoverPilot,
cara123456789,
NoahtheSellsword,
lebronnotjames,
dodger28,
speakupkid,
NotYourTypicalNurse,
phoenixoasis7,
_groundcontrol,
hoekende,
shadowdsfire,
DragoMilter,
NeasM,
innercall,
wmr97,
ABCDEFandG,
Omgplz,
DontYouDareMessageMe,
vs0057,
babyjet321,
Stutterin,
das_allerbeste1,
trowawayteto1,
TheSnuggler88,
andmoonboy4alliknow,
Braccus_Rex,
gwinnettcitizen,
WilliamTheStudious,
TotesMessenger,
Winri123,
jaredb713,
Tin_Master,
sunnylarry,
Goodnight_now,
tallerThanEd,
krabbycakes,
saywha17,
thepointiswhat,
mosejznrq,
AllStraightLinesO,
tragicfucker,
kakumar15,
snow_leopard77,
mtvn_guru,
517i,
LCai,
DauphDaddy,
timcahill13,
Robinsusername,
banmenow,
Reneloth,
NimBold,
niyazashraf,
acr13,
wegotableeder,
anna_therapist,
TwitchMoments_,
Greeny1709,
janonjoshua23,
Claire0000,
nbl11,
JimHof644,
beastlygameplay2,
timezone_bot,
captaincupcake234,
IFuckingLovePuns,
greivv,
fitztml,
StutteringFreak,
omegazeal,
TrueTautology,
Life_Trip,
Mr_Storytime,
Curious_A_Crane,
RecklessX9,
aritearitearitearite,
SlammedNation,
Thelandoftheblind,
hoarderline,
the_lexi_lou,
throw_stutter_2017,
Q_a8_t2F4Hz__3,
Moronoo,
vanillagueriller,
Sabian_P,
CaptainPussybeast,
BritishTortuga,
LuckyD93,
bryanesler,
bellyojelly,
wadeweys,
Leid8327,
PokeyHydra,
CaptBlondBeard,
throwavan,
Hixarts,
Disaster532385,
poler10,
journalists,
toenails-need-cuttin,
Smithpat12,
spaceflightphoto,
JunktownJerkyVendor6,
LaShawndraLives,
Ertum,
sonicdeehedgehog,
Josh52579,
Antonio8317201,
LordMandrake_,
aeiluindae,
jetaj,
Legacy-12,
BadJimFred,
SpeechyKeen,
Svardskampe,
Lordskiller,
fasttalkenvy,
coffeedoesntsuck,
yeswayjoze,
Rhader,
searine,
random_shadow_guy,
MoistPaperNapkin,
alexfiill,
auto-xkcd37,
dildobaginzz,
Yeargh,
amerrymisanthrope,
fintomanto,
i_7L_Dq8A3,
halfskye,
Thoughts71,
Urooba15,
aghurghno,
BeardedLooper,
J-coor,
SluttyCactus,
dajoeker,
fivetoten,
Obese_Panda,
mudkip300,
LvL99Meme_Lord,
unspecifiedperson11,
thefuckmobile,
Rrabm,
buddykoch,
Citizen_Ken,
seekunrustlement,
mindysailing,
SmartCaveman,
Electrophilian,
AstroNeri314,
TheGaryHour,
artismyhustle,
abciava,
drzoidburger,
Nature_BoyNKC,
darkspacemonster,
enold4mizzou,
stsfut,
Defiantly_Not_A_Bot,
IQVX,
goofella,
mintyface666,
Krenzinator,
zegzagzeg,
Dicentra22,
rickycarwash,
Solieus,
chunners04,
ajskorupskas,
Define_It,
dead-leaf,
CaptainBlackPeacock,
Oreally07,
bruno-melchi,
jckbrkr,
shimulferdous,
oogarts420,
dongerdog,
Yamezj,
TechBaron13,
revert0492,
jumbojimm,
Lovett_Rollercoaster,
Luck2Me,
long_mike,
cmrtnez2,
thisisathrowaway4518,
almosthere0327,
_SolarFlare,
recursive_life,
Crisiss,
crookers,
Anghellik,
Gallifryer,
banterspeech2,
abgupta,
gracengrit15,
TheTrollingPakistani,
Creglord,
whatnatsaid,
ruberduckypwns,
charrrlie,
cerealDonaldTrump,
omgfireomg,
dubzeebass,
Agrees_withyou,
StutterAllMyLife,
FatFingerHelperBot,
chilledouthomie,
DwigtsMoneyBeets,
RobbinRuben,
bdeniz1997,
-Lemen,
oli80800,
Acceptalbe,
stuttertoss,
BowTiePanda1989,
hihihipuffy,
ModifiedGamer,
beards_are_awesome,
J-J-JohnnyJay,
iToxicMuffin,
veeinvisible,
sintral,
JRFerro,
BrazenRain,
KnowledgeHunterer,
NightRangerOne,
rorocampbell,
TheBatmansOP,
Temporyforme,
belikewhat,
Phoenix_King76,
Hblastut23,
Oodles_of_Tears,
j7r4,
bumpoleoftherailey,
JackSparrow97000,
luckofthesun,
filhagosa,
BeYourBestYou,
Rinibeanie,
patricky13,
BasselDamra,
flashjmg,
stutterkb,
snogcel,
cantbebothered_tk,
16tmorgan,
michaelpro90d,
Breezy00,
could-of-bot,
PatrickthePatrician,
corbyplusplus,
Q-cifer,
DripleTT,
BeautifulGorgeous97,
Rise_Above_All,
lehcarz114,
4g0t,
_Mikau,
p1percub,
paultagonist,
NeatIdea,
notsowrong,
CivilizedArtichoke,
knightopolisa,
richardjames01,
Macksimum,
Dawng12,
flapperscomedy,
YourDailyRAM,
raskolnikovesq,
jetlife0047,
Ragonk_ND,
psuki19,
crMag,
barcantholdmyusernam,
mengazo,
LilPump290,
Klaatu678,
JagWeap,
michaellobry,
NoodleWeird,
rexiile,
raskolnikov_the_loon,
somethingintelligent,
tmcmahon004,
somebisgetti,
surethang5000,
spartanqp,
rjqp,
IAmPsychotron,
Abeham10,
DullWisp,
Danpannine,
TheMannagement,
misanthropicempathy,
excelleme,
jferr3,
thaake987,
ilpotre,
freshmen1,
ba-ba-ba-BarbaraAnn,
bowmand08,
beespls,
bigg_rigg,
rongoxt587,
The_Elephant_Man,
RolbyCice,
ragadole,
iamthedora,
EliteKapkan,
bryan2384,
Viennalien,
maplepenguin,
sblocal310,
Ace_Duke,
DryFood,
CanisInsanine,
E_z2rL9_,
TheForgottenLlama,
bit_punk,
journeyman369,
ssxcool,
nxtplato,
lovaz,
aaeriosgames,
rkpeagle,
Jewels421,
rcrabtr1,
werdsalad,
SainteDeus,
TerraDivided,
beta-max,
Porky_dh,
THROWAWAYDFDSJFSDJFH,
myusernamewastaken02,
jeffsans,
menol1995,
FluxVortex,
sabotaged1,
aiq25,
ayylmao2dongerbot-v2,
Attaboy3,
jameselmoflynn,
nicfar,
halfpotatoe,
Rrredditstutter,Moderator
rokka222,
guarilonio,
CyberSpider,
redditaccountiuse,
M5BMW,
Spankapotamus,
tragicherohimself,
mollys29,
gollyrebecca,
TurkDangerCat,
MurkyConcept,
feathersmayfly,
Kendrick_LaSloth,
philomathkid,
IceBean,
slpme1,
It_is_a_username,
tseebers,
palminsba,
Ashenfenix,
ClubSpade12,
WJBuck,
spr3n,
Yippeeimskippyy,
ThunderousDong,
Snaitas1,
petrobot78,
TuhinBagh,
NIF_CTS,
oopsypoopsyXE,
House_Lemon,
acidtwiggy561,
UpToNoGood934,
IstutterHelp,
Analyszer,
frozen-creek,
xcrunner7145,
sharan_n,
PLEASE-REPLY,
DirectRollerShutters,
drake92,
ITouchRoses,
Windowsblastem,
ljcfilm,
TA5612,
stevekc40v,
sparkster185,
HerHor,
djhams,
DooDooFalcon,
e--thug,
outlaw546,
JustTryingToMaintain,
rillirillityird,
fakereddittor,
needhalpppthrowawy,
geedgad,
hoffstech,
CuddlyMonkey1,
cjmk,
Ifuckhoesinthepussy,
octopi,
Cal1V1k1ng,
noscreenon,
severusssnape,
ThurBurtman,
Colegatna,
Cypher552,
dAmihl,
dogback,
TasmanianPup,
Picnicinthepark,
DamnedForAllTime,
vishousG,
ihtmra,Moderator
sinestroszn,
bruno238,
mygrapefruit,
moomley12345,
CodusSupremus,
jmaune1419,
lazypimp,
skills_are_everythng,
Ramoburo,
SangreDeCristo,
IAmNNick,
TheBigduck07,
anxiousposer,
buckhenderson,
THROWAWAYWERH34J5,
Istutteralot,
itslogzguise,
porkpiejuice,
Dryfter137,
stutteralt,
Startop2,
tuannvm,
DjMonkeyUK,
PhillysLostSon97,
Weirrdo12,
where_is_my_monkey,
tacdu,
walsm002,
jbexta,
tomcheat,
weasel-like,
141ghost,
iliftnoodles,
mfarotto,
Ims3rious69,
gnomiee,
Ninja_Style,
deathdied,
LinkFixerBotSnr,
redditusernaut,
faistarin,
itsanrnotau,
UCLStutter,
rockus,
newscrash,
impossiblecolors,
korimei,
smilesbot,
teyyla,
stuffguyman,
JosephHahn,
anlsdquestioner,
henbenharris,
Ddgarcia05,
yoshi-city88,
widyo,
YesWeCane,
aUNING,
Rejinn,
03444618,
question89,
mostafa3844,
traksta15,
alaskew28,
derekpearcy,
LeifDaBeef,
Bosscore,
ankerous,
BigFish48,
image_linker_bot,
cantsaywisp,
PersonWhoStutters,
Love_Baba_Official,
DannyBoy7783,
i_know_about_things,
hremmingar,
KanyeWestNile,
MrKDilkington,
Burrito8921,
Humonic,
bentkaku,
Aleksej123,
pretzel729,
BonerBiscuit,
ZeOpprime,
healthfit231,
kurttasche,
aramilxiloscient,
temple1115,
dalve,
wheresfell,
scruffyfat,
Bills2pay,
poppyjordan26,
FunkyardDogg,
vorat,
BawnStun,
onexile,
Ex-elmo,
404funnotfound,
weireverywhere512,
ghost-child,
ProfWumbologist,
Thathatsall,
friedi316,
Pugwan,
Pilotman18,
lyssinflannel,
apriori12,
omgtehvampire,
nicodeamus-yoop,
ScrappyNacho,
FourthHead,
Throwawayirvine9,
xTommy2016x,
Akoraz,
Munipz,
Lokanaya,
k-dog1414,
homeal12,
mintytaurus,
f3kk,
Mill3r91,
OtsegoMemorial,
HANDS_DOWN,
Jeyne__Poole,
Griffin_404,
ByeByeMoon,
Deanskre,
Dsypher288,
Swh41,
reallynotjewish,
thegoogler13,
mrant0,
loudbounce,
Strayachink,
darkizzle,
Josh_551,
WhoaItsAFactorial,
minastirith1,
asim_siddiqui,
Understand1st,
arcticcheesemonkey,
Parricidium,
syeten7,
FireComedyyNSports,
gyan1993,
Frostatine,
mat_evangelista,
eziocolorwatcher,
moiankhan,
Manatee_Porn,
wellthathappened,
B_g5_8MdpD_9,
skeptiKT,
xiuboxed,
Boomerman76,
Moxman73,
milo96,
apraider91,
l_chayim_fatass,
euph0r14,
dianfishekqi,
rainbowsandals9,
erocper,
Muffin_Man69,
TenaciousPoo,
geotristan,
Macgeek1,
dongerschlong,
3honeybees,
KrisKat93,
aschabadas,
infiniteNOTpermanent,
iMarw4n,
GeneralBot,
hooahguy,
SilverTonguedStutter,
spaten1,
jollyjohn91,
toygunsandcandy,
sammy8730,
ThrowawayyyyEEEEEEEs,
iknowdell,
msv5450,
VisionaryPrism,
number56,
whutzef,
StammaH,
schwarze_banana,
Z1839,
ThePinkPoo,
ItsAlwaysReddit,
nocctea,
RoosterRob,
derickstuff,
arkansas2017,
ElianM,
HappySpeak,
TheZestyAlex,
SlowTalker14,
humad7,
mcmunchie,
naveenmewani,
CommonMisspellingBot,
Derekman19022,
silverh,
Flowerpower1316,
throwawayintoface,
zofcz,
xian123,
iLikenoodles679,
MixolydianDrone,
signupsignup123123,
BoredBorderlineGeniu,
jdar1,
SpartanStutteringLab,
stateless52,
peptidehunter,
Pueree,
shablurb_xd,
BlackNBold247,
Aceed,
miss_verity,
kaleb444,
beaniiii,
frensworth,
Sumerian88,
sendmeomway,
BuffaloWill94,
nycpowerranger123,
grosallug,
OzilArsenal11,
DoctahBuddha,
tdwlmg,
gogogadgety,
greg121212,
Boomdiah,
suavros,
0xDEADBEEE,
SquidyQ,
moiez326,
Jsemi09,
sxpUmmon,
zblaxberg,
startspeakingahora,
pixxynorm,
ConvertsToMetric,
hug-bot,
dkdktkfkkdkskdgktk,
Godninja,
Sennmeistr,
davidsmi,
JustAKidFromBrooklyn,
ThisIsYourLifeNathan,
slippocket1,
maddxg,
Rccctz,
imguralbumbot,
EmpressC,
MO_GAINZ,
droogydevotchka,
omegaazeroth,
warrior1653,
foggytechnology,
PartySong,
TheZadzzz,
lovely_truce,
WhiteRhino496,
saracommabean,
akv_1984,
elbrick89,
Jondoe2222,
MistressWax,
Canthink1234,
Brisophine,
Kosmo,
chicxulub_i,
scrubsie,
InfiniteLoopTA,
tulsaokbtw24,
aritearitearite,
sean1202,
reddotdaan,
JoJolion_,
0ogaBooga,
the_ego_is_bad,
pammertz,
TrumpHerder,
letsgosomewherequiet,
catherinedp,
stutteringjoe,
captainwildeflower,
goingthruit,
electric_dolphin,
3_141519,
prestiforpresident,
middletwin,
CassCat,
Bigtuna546,
nathanBIG,
VerstappenFanboy,
Davaeorn,
umnikos_bots,
bitterbunnyball,
reked69,
throwaway_Q_,
gg_cpn_crunch,
PapaVoid,
xXbasedcuntXx,
SamH777,
Water_In_A_Cup1,
presidentdaye,
Chrisjam101,
highasunited,
HighHeelHater9,
SteakSauceAltoSax,
DogtorPepper,
BroodingBryanAdams,
JarlStormBorn,
Willhelm53,
Neverstop7,
VargasShezar,
fosizzzle,
FiShDiSh_Films,
T800mc,
Mudkip9001,
sasquatch713,
Mrflawless5,
manisha100000,
DontTakeMyCheerios,
Fishmaaan,
mattyyp,
throwaway0535,
nipsy-,
thesuperbri99,
cross_henry,
nadan1211,
KaiserKvast,
Dudebrah91,
smiling_99,
LadyLizardWizard,
FearlessKnowledge,
stafsosi,
aznpoo,
riandelion,
Zioticx,
Gigem44,
eclipsewindow,
taquemenon1990,
hurricanepolio,
Julmannen,
set_phasers_to_shun,
Sakibdipon,
UncleftishBeholding,
Selectivegrey,
generiquai,
ZarathustraOnAcid,
okaycpu,
crollalanza,
Shafsen,
bwp1984,
quackers_82,
whitebreadsandwich,
gbrl1,
ObliviousCharles,
Fenix_MX,
stoptakinggoodnames,
mudface34,
erty10,
James_Mcpherson,
HarroldRoger,
superchargerz,
aanon101,
geharri,
BrontysaurusRex,
YahooYoshi,
StuStutterKing,
JustTheRightBullets,
OptimumMagnet,
fryburgerhelper,
komnenos,
HanSoulo77,
stutterburger,
QDoggyy,
slpforward,
StuttererXXX,
KryptorKing,
frustratinbubble,
StripedMonster,
the4thmatrix,
ETKDoom,
PinkFloydFanboi,
sarahhershey18,
Nubulae,
ELMER-EATER,
TrixieDunnock,
Dawgs107,
geekgirlin,
bookworm669,
ifeeIIikedebating,
headonbot_,
jaklong11,
Stuttero,
Moonchild189,
toaz16,
Jesuspolarbear,
Jcmoney1,
Dolgare,
JiemusuZeGureto,
dunhadeals,
YoshisWoolyWorld,
mastersofwar3,
LetsGetThrowawaysted,
OmfgChase,
MazeyCirque,
RenanDrudi,
deadbedouins,
ixTec,
Ahmad_f_hetch,
bkrluffy,
Ephemerror,
Bluebar123,
xithbaby,
RemindMeBot,
iMattyz,
Shuttermonster,
sir_castic0,
CMBDeletebot,
Baseballs543276,
cedric300,
luky_luke,
bittr_n_swt,
freefromdesire,
ThotAddict,
Reddy11,
AVbuddy,
VHCrafting,
AimlessAbyss,
Shroud08,
13th-sign,
dalneugdae,
[deleted],
subtlefarts,
Culurien5,
EpicNoobSauce,
semperhijack,
l3ix2,
penrithshutters,
PursuitOfPerfect,
Sackyhack,
jsddco,
SC-Rex,
Miss_CrispyBacon,
dozymusic,
melktasconnaisseur,
throwaway253421,
Kirakirajapo,
LightsCameraRegret,
declanmccollough1,
CarelessAnything,
socstut,
oneofthem98,
LeeSway,
Lighterlow,
walruscanoe,
blakenovosel,
silentflutes,
Drucifer_83,
_pixel8ed_,
ItsGralex,
lucideye,
Silksheetbluedawn,
Sexy_House_Plants,
TheScion,
aldjfh,
adrastos719,
throwitawaythekey,
DavidBeckham119,
BachelorofNothing,
lividtea,
1pt_you_3pts_me,
luna9445,
dotmanish,
maxocream,
braxton-,
Shardiz,
suttermuffin103,
ahronwho,
stochastic_aurelius,
creationrebel718,
DaddyEthan,
FusionX,
franthan742,
CoolSLPDude,
Stanbino16,
arctic-owl,
Mucus_McCain,
justbuyamac,
Pixalo,
melanogast3r,
EnesAli,
shesinadeadfunk,
spuddingdrunk,
masiemasie,
stut_,
behemoth9,
Caleb1831,
DogOfLetters,
SipLeanRashid,
DarthBaneArk,
sbenhoff,
Swingy_,
ForeverALoner2,
Doctor_Jackol,
olemjm,
tomtomtom453,
dark_spectre_,
rossy1804,
Stepan56,
lilcleo001,
SenorFatass,
Chuck_Norris_Jokebot,
siggimotion,
Konst75,
Dumpster_Jedi1,
Undercover_Jedi,
Ohms_lawlessness,
Rosenstern67,
London_gal_5546,
TheBestManBlueprint,
dri3s,
sillypanda_,
Inkatta1,
the_numberz,
-hapalochlaena-,
xRealVengeancex,
Joopiedopie,
magnet_brain,
WhiteLookingGlass,
hoorayimdeadinside,
grey550,
speaktolive,
MediocreMango,
alien13869,
regional2,
WalkinSteveHawkin,
123bubum,
Knappen,
zorro55555,
MBS_theBau5,
parimak,
prometheus884,
princerick,
seekere,
moocha316,
3b_Xg_B6,
wandermode,
BratwurstundeinBier,
patttern2,
TRMGoat,
linuxqq,
the_coons,
tastyspaceweevils,
SneaselTheBeast,
8ynwa8,
TheHeadMaster,
noodleunhappy,
halfahead,
BasketCaseSensitive,
jazzcatdrp,
swasspoints,
Throwthiswayover,
Tsalagi_,
kryptkpr,
bchase900,
PMOFreeForever,
t_toc,
Out-Of-Context-Bot,
Gokkegrisen,
imthewiseguy,
Gaythlete,
CreativeWin,
BoofedACrayon,
paintballer2112,
TisTheParticles,
astralcatpyjamas,
offshorewind,
Monkeypet,
Squabstermobster,
BrokeAndCurious,
z95qg23ry76ew8,
DrunkPlanck,
camcam186,
bacon_alarm_clock,
Bushwick311,
StupidFlounders,
Thesauruswrex,
AndWon36,
laebot,
lerkess,
lkezboa,
inflamfis,
motionR,
QuestItem,
iamnotStu,
CoachForFluency,
nemo_nemo_,
Virgence,
FunkyRiffRaff,
Mlxgzzz,
aifor45647_qq,
VicRattleheadMD,
ASK_ME_FOR_TRIVIA,
jake415,
ivantheengineer,
digital_elf,
Wabbajak,
geodude19,
nherrbold,
hinkspann,
DontFuckWithPenguins,
throwaway8970823,
Hangingwithmyfam,
VtArMs,
plenderj,
Spamwarrior,
anthony446,
b_2SQg_8t_7,
Juswantedtono,
xRamidus,
That_Golden_Rule,
cocothecat11,
feraferoxdei,
randomalt9999,
Lan_lan,
billya5,
DavidOlson23,
Jmo1012,
Plastic_Karma,
ZJR747,
guitarzan2,
ngarcia1117,
mbrumie,
ToastQ,
Austere5,
HTB_,
JackUSA,
helpwithmp3player,
nozakiz,
Northskittle,
aMinnesotaBro,
CMDRIkkyblergs,
mattpayne777,
Montezuma96,
johnzing,
JKR1181,
